regime,model,base_feature,transformed_feature_count,total_absolute_importance,mean_absolute_importance,max_absolute_importance,importance_rank
MECHANISTIC_UPPER_BOUND,LOGISTIC_REGRESSION,config_certification_MN,1,5.287174986938338,5.287174986938338,5.287174986938338,1
MECHANISTIC_UPPER_BOUND,LOGISTIC_REGRESSION,config_powerSupply,1,3.890061889729525,3.890061889729525,3.890061889729525,2
MECHANISTIC_UPPER_BOUND,LOGISTIC_REGRESSION,config_certification_NN,1,2.782248851977519,2.782248851977519,2.782248851977519,3
MECHANISTIC_UPPER_BOUND,LOGISTIC_REGRESSION,config_dataInterface_NN,1,2.5199194670213343,2.5199194670213343,2.5199194670213343,4
MECHANISTIC_UPPER_BOUND,LOGISTIC_REGRESSION,config_certification_CN,1,2.3748636687418188,2.3748636687418188,2.3748636687418188,5
MECHANISTIC_UPPER_BOUND,LOGISTIC_REGRESSION,config_characteristic_ST,1,1.7607952765501576,1.7607952765501576,1.7607952765501576,6
MECHANISTIC_UPPER_BOUND,LOGISTIC_REGRESSION,config_binaerDigitalOpenColl_MN_MN2,1,1.711287019861408,1.711287019861408,1.711287019861408,7
MECHANISTIC_UPPER_BOUND,LOGISTIC_REGRESSION,config_dataInterface_PA,1,1.685916896222188,1.685916896222188,1.685916896222188,8
MECHANISTIC_UPPER_BOUND,LOGISTIC_REGRESSION,config_steamApplication_NOVALUE,1,1.6307328103311258,1.6307328103311258,1.6307328103311258,9
MECHANISTIC_UPPER_BOUND,LOGISTIC_REGRESSION,config_characteristic_PW,1,1.4816415895080948,1.4816415895080948,1.4816415895080948,10
MECHANISTIC_UPPER_BOUND,LOGISTIC_REGRESSION,config_stromSchaltbar_NOVALUE,1,1.4601854613721026,1.4601854613721026,1.4601854613721026,11
MECHANISTIC_UPPER_BOUND,LOGISTIC_REGRESSION,config_waveInjector_FWI,1,1.417659395367343,1.417659395367343,1.417659395367343,12
MECHANISTIC_UPPER_BOUND,LOGISTIC_REGRESSION,config_waveInjector_NOVALUE,1,1.2875969291483285,1.2875969291483285,1.2875969291483285,13
MECHANISTIC_UPPER_BOUND,LOGISTIC_REGRESSION,nearest_real_distance,1,1.2855691685279445,1.2855691685279445,1.2855691685279445,14
MECHANISTIC_UPPER_BOUND,LOGISTIC_REGRESSION,real_proximity_score,1,1.2855691685279445,1.2855691685279445,1.2855691685279445,15
MECHANISTIC_UPPER_BOUND,LOGISTIC_REGRESSION,config_stromSchaltbar_CS1,1,1.2674168247190345,1.2674168247190345,1.2674168247190345,16
MECHANISTIC_UPPER_BOUND,LOGISTIC_REGRESSION,config_steamApplication_N,1,1.252376722665184,1.252376722665184,1.252376722665184,17
MECHANISTIC_UPPER_BOUND,LOGISTIC_REGRESSION,config_characteristic_TE,1,1.1047302882902088,1.1047302882902088,1.1047302882902088,18
MECHANISTIC_UPPER_BOUND,LOGISTIC_REGRESSION,config_temperaturEingaenge_TT2,1,1.1047302882902088,1.1047302882902088,1.1047302882902088,19
MECHANISTIC_UPPER_BOUND,LOGISTIC_REGRESSION,config_dataInterface_MR,1,1.0885762394269938,1.0885762394269938,1.0885762394269938,20
MECHANISTIC_UPPER_BOUND,LOGISTIC_REGRESSION,source_frequency_score,1,1.0845731512904144,1.0845731512904144,1.0845731512904144,21
MECHANISTIC_UPPER_BOUND,LOGISTIC_REGRESSION,source_frequency,1,1.0845731512904142,1.0845731512904142,1.0845731512904142,22
MECHANISTIC_UPPER_BOUND,LOGISTIC_REGRESSION,config_stromEingaenge_NOVALUE,1,1.031285805463486,1.031285805463486,1.031285805463486,23
MECHANISTIC_UPPER_BOUND,LOGISTIC_REGRESSION,config_binaerDigitalOpenColl_MN_MN1,1,1.0240285697114873,1.0240285697114873,1.0240285697114873,24
MECHANISTIC_UPPER_BOUND,LOGISTIC_REGRESSION,config_temperaturEingaenge_TT1,1,1.0048789535272509,1.0048789535272509,1.0048789535272509,25
MECHANISTIC_UPPER_BOUND,LOGISTIC_REGRESSION,config_binaerDigitalOpenColl_MN_NOVALUE,1,0.9887201503400552,0.9887201503400552,0.9887201503400552,26
MECHANISTIC_UPPER_BOUND,LOGISTIC_REGRESSION,config_dataInterface_HS,1,0.9649652509752236,0.9649652509752236,0.9649652509752236,27
MECHANISTIC_UPPER_BOUND,LOGISTIC_REGRESSION,config_characteristic_GP,1,0.9092408414823449,0.9092408414823449,0.9092408414823449,28
MECHANISTIC_UPPER_BOUND,LOGISTIC_REGRESSION,config_dataInterface_MT,1,0.8275510930319023,0.8275510930319023,0.8275510930319023,29
MECHANISTIC_UPPER_BOUND,LOGISTIC_REGRESSION,config_stromEingaenge_IS1,1,0.8171249708650482,0.8171249708650482,0.8171249708650482,30
MECHANISTIC_UPPER_BOUND,LOGISTIC_REGRESSION,config_devCategory_G,1,0.7389222342719547,0.7389222342719547,0.7389222342719547,31
MECHANISTIC_UPPER_BOUND,LOGISTIC_REGRESSION,config_dynamicGasMaster_1,1,0.6596697611696736,0.6596697611696736,0.6596697611696736,32
MECHANISTIC_UPPER_BOUND,LOGISTIC_REGRESSION,unmentioned_features,1,0.6328870815842488,0.6328870815842488,0.6328870815842488,33
MECHANISTIC_UPPER_BOUND,LOGISTIC_REGRESSION,config_devCategory_S,1,0.5825313932364486,0.5825313932364486,0.5825313932364486,34
MECHANISTIC_UPPER_BOUND,LOGISTIC_REGRESSION,evidence_level_MODERATE,1,0.5697537465741482,0.5697537465741482,0.5697537465741482,35
MECHANISTIC_UPPER_BOUND,LOGISTIC_REGRESSION,evidence_level_VERY_STRONG,1,0.5435489287764754,0.5435489287764754,0.5435489287764754,36
MECHANISTIC_UPPER_BOUND,LOGISTIC_REGRESSION,generation_method_ONE_CHARACTERISTIC,1,0.5311210775295921,0.5311210775295921,0.5311210775295921,37
MECHANISTIC_UPPER_BOUND,LOGISTIC_REGRESSION,config_dynamicGasMaster_NOVALUE,1,0.5296072949506585,0.5296072949506585,0.5296072949506585,38
MECHANISTIC_UPPER_BOUND,LOGISTIC_REGRESSION,config_steamApplication_H,1,0.5084185538849629,0.5084185538849629,0.5084185538849629,39
MECHANISTIC_UPPER_BOUND,LOGISTIC_REGRESSION,config_customUserFluid_1,1,0.481171423260972,0.481171423260972,0.481171423260972,40
MECHANISTIC_UPPER_BOUND,LOGISTIC_REGRESSION,config_devCategory_H,1,0.4806046417823373,0.4806046417823373,0.4806046417823373,41
MECHANISTIC_UPPER_BOUND,LOGISTIC_REGRESSION,config_numberOfChannels,1,0.4700014063452962,0.4700014063452962,0.4700014063452962,42
MECHANISTIC_UPPER_BOUND,LOGISTIC_REGRESSION,generation_method_TWO_CHARACTERISTIC,1,0.4386234572765393,0.4386234572765393,0.4386234572765393,43
MECHANISTIC_UPPER_BOUND,LOGISTIC_REGRESSION,config_dev_advMeterVerification_1,1,0.3740017972705493,0.3740017972705493,0.3740017972705493,44
MECHANISTIC_UPPER_BOUND,LOGISTIC_REGRESSION,config_customUserFluid_NOVALUE,1,0.3511089570419584,0.3511089570419584,0.3511089570419584,45
MECHANISTIC_UPPER_BOUND,LOGISTIC_REGRESSION,observed_configuration_score,1,0.348999437060126,0.348999437060126,0.348999437060126,46
MECHANISTIC_UPPER_BOUND,LOGISTIC_REGRESSION,config_characteristic_WD,1,0.2744660678269013,0.2744660678269013,0.2744660678269013,47
MECHANISTIC_UPPER_BOUND,LOGISTIC_REGRESSION,evidence_level_STRONG,1,0.2608444352595387,0.2608444352595387,0.2608444352595387,48
MECHANISTIC_UPPER_BOUND,LOGISTIC_REGRESSION,config_binaerOpenColl_MP_MP4,1,0.2482551215563224,0.2482551215563224,0.2482551215563224,49
MECHANISTIC_UPPER_BOUND,LOGISTIC_REGRESSION,config_dev_advMeterVerification_NOVALUE,1,0.2439393310515296,0.2439393310515296,0.2439393310515296,50
MECHANISTIC_UPPER_BOUND,LOGISTIC_REGRESSION,record_type_OBSERVED,1,0.2349879377189478,0.2349879377189478,0.2349879377189478,51
MECHANISTIC_UPPER_BOUND,LOGISTIC_REGRESSION,evidence_level_OBSERVED,1,0.234987937718941,0.234987937718941,0.234987937718941,52
MECHANISTIC_UPPER_BOUND,LOGISTIC_REGRESSION,generation_method_REAL_OBSERVED,1,0.234987937718941,0.234987937718941,0.234987937718941,53
MECHANISTIC_UPPER_BOUND,LOGISTIC_REGRESSION,config_explosionApproval_A,1,0.2311681208847782,0.2311681208847782,0.2311681208847782,54
MECHANISTIC_UPPER_BOUND,LOGISTIC_REGRESSION,config_temperaturEingaenge_NOVALUE,1,0.2299138009819717,0.2299138009819717,0.2299138009819717,55
MECHANISTIC_UPPER_BOUND,LOGISTIC_REGRESSION,mandatory_total,1,0.2234712978715694,0.2234712978715694,0.2234712978715694,56
MECHANISTIC_UPPER_BOUND,LOGISTIC_REGRESSION,mandatory_satisfied,1,0.2234712978715623,0.2234712978715623,0.2234712978715623,57
MECHANISTIC_UPPER_BOUND,LOGISTIC_REGRESSION,config_explosionApproval_F,1,0.2148545414724287,0.2148545414724287,0.2148545414724287,58
MECHANISTIC_UPPER_BOUND,LOGISTIC_REGRESSION,preferred_satisfied,1,0.213039345021599,0.213039345021599,0.213039345021599,59
MECHANISTIC_UPPER_BOUND,LOGISTIC_REGRESSION,preferred_total,1,0.213039345021599,0.213039345021599,0.213039345021599,60
MECHANISTIC_UPPER_BOUND,LOGISTIC_REGRESSION,num_changed_characteristics,1,0.206196960752525,0.206196960752525,0.206196960752525,61
MECHANISTIC_UPPER_BOUND,LOGISTIC_REGRESSION,low_change_score,1,0.2061969607525066,0.2061969607525066,0.2061969607525066,62
MECHANISTIC_UPPER_BOUND,LOGISTIC_REGRESSION,config_devCategory_F,1,0.1941513345278166,0.1941513345278166,0.1941513345278166,63
MECHANISTIC_UPPER_BOUND,LOGISTIC_REGRESSION,config_binaerDigitalOpenColl_MN_MN4,1,0.1713992339711462,0.1713992339711462,0.1713992339711462,64
MECHANISTIC_UPPER_BOUND,LOGISTIC_REGRESSION,config_protectionArea_2,1,0.1665852590885443,0.1665852590885443,0.1665852590885443,65
MECHANISTIC_UPPER_BOUND,LOGISTIC_REGRESSION,config_binaerOpenColl_MP_MP2,1,0.1663940234906936,0.1663940234906936,0.1663940234906936,66
MECHANISTIC_UPPER_BOUND,LOGISTIC_REGRESSION,config_explosionApproval_K,1,0.1502716796761852,0.1502716796761852,0.1502716796761852,67
MECHANISTIC_UPPER_BOUND,LOGISTIC_REGRESSION,config_characteristic_VG,1,0.1432848209755473,0.1432848209755473,0.1432848209755473,68
MECHANISTIC_UPPER_BOUND,LOGISTIC_REGRESSION,evidence_level_LOW,1,0.1297141459619319,0.1297141459619319,0.1297141459619319,69
MECHANISTIC_UPPER_BOUND,LOGISTIC_REGRESSION,config_binaerOpenColl_MP_MP1,1,0.1055257476337203,0.1055257476337203,0.1055257476337203,70
MECHANISTIC_UPPER_BOUND,LOGISTIC_REGRESSION,record_type_DERIVED,1,0.1049254714999383,0.1049254714999383,0.1049254714999383,71
MECHANISTIC_UPPER_BOUND,LOGISTIC_REGRESSION,config_characteristic_CA,1,0.0847830208665547,0.0847830208665547,0.0847830208665547,72
MECHANISTIC_UPPER_BOUND,LOGISTIC_REGRESSION,config_stromEingaenge_IS2,1,0.0840983683794078,0.0840983683794078,0.0840983683794078,73
MECHANISTIC_UPPER_BOUND,LOGISTIC_REGRESSION,evidence_score_normalized,1,0.0742896359918879,0.0742896359918879,0.0742896359918879,74
MECHANISTIC_UPPER_BOUND,LOGISTIC_REGRESSION,evidence_score,1,0.0742896359918853,0.0742896359918853,0.0742896359918853,75
MECHANISTIC_UPPER_BOUND,LOGISTIC_REGRESSION,config_stromSchaltbar_CS2,1,0.0627061704340607,0.0627061704340607,0.0627061704340607,76
MECHANISTIC_UPPER_BOUND,LOGISTIC_REGRESSION,config_binaerOpenColl_MP_NOVALUE,1,0.0573243794803386,0.0573243794803386,0.0573243794803386,77
MECHANISTIC_UPPER_BOUND,LOGISTIC_REGRESSION,config_protectionArea_N,1,0.036522792869525,0.036522792869525,0.036522792869525,78
MECHANISTIC_UPPER_BOUND,LOGISTIC_REGRESSION,config_explosionApproval_N,1,0.0365227928695215,0.0365227928695215,0.0365227928695215,79
MECHANISTIC_UPPER_BOUND,LOGISTIC_REGRESSION,generation_method_DEPENDENCY_TWO_CHARACTERISTIC,1,0.0124278512468865,0.0124278512468865,0.0124278512468865,80
MECHANISTIC_UPPER_BOUND,RANDOM_FOREST,source_frequency,1,0.07972910898484,0.07972910898484,0.07972910898484,1
MECHANISTIC_UPPER_BOUND,RANDOM_FOREST,source_frequency_score,1,0.066100656507454,0.066100656507454,0.066100656507454,2
MECHANISTIC_UPPER_BOUND,RANDOM_FOREST,evidence_score,1,0.0551822185972476,0.0551822185972476,0.0551822185972476,3
MECHANISTIC_UPPER_BOUND,RANDOM_FOREST,evidence_score_normalized,1,0.0391814507537035,0.0391814507537035,0.0391814507537035,4
MECHANISTIC_UPPER_BOUND,RANDOM_FOREST,unmentioned_features,1,0.036865553689665,0.036865553689665,0.036865553689665,5
MECHANISTIC_UPPER_BOUND,RANDOM_FOREST,evidence_level_OBSERVED,1,0.0345318542394671,0.0345318542394671,0.0345318542394671,6
MECHANISTIC_UPPER_BOUND,RANDOM_FOREST,config_stromSchaltbar_NOVALUE,1,0.0343732269499187,0.0343732269499187,0.0343732269499187,7
MECHANISTIC_UPPER_BOUND,RANDOM_FOREST,config_stromEingaenge_NOVALUE,1,0.0330782966928959,0.0330782966928959,0.0330782966928959,8
MECHANISTIC_UPPER_BOUND,RANDOM_FOREST,generation_method_REAL_OBSERVED,1,0.0297438304580553,0.0297438304580553,0.0297438304580553,9
MECHANISTIC_UPPER_BOUND,RANDOM_FOREST,observed_configuration_score,1,0.0296991255889822,0.0296991255889822,0.0296991255889822,10
MECHANISTIC_UPPER_BOUND,RANDOM_FOREST,config_stromEingaenge_IS1,1,0.0295876181665393,0.0295876181665393,0.0295876181665393,11
MECHANISTIC_UPPER_BOUND,RANDOM_FOREST,nearest_real_distance,1,0.0277491821165164,0.0277491821165164,0.0277491821165164,12
MECHANISTIC_UPPER_BOUND,RANDOM_FOREST,num_changed_characteristics,1,0.0268960035263764,0.0268960035263764,0.0268960035263764,13
MECHANISTIC_UPPER_BOUND,RANDOM_FOREST,record_type_DERIVED,1,0.0265415488262232,0.0265415488262232,0.0265415488262232,14
MECHANISTIC_UPPER_BOUND,RANDOM_FOREST,record_type_OBSERVED,1,0.0250929938614986,0.0250929938614986,0.0250929938614986,15
MECHANISTIC_UPPER_BOUND,RANDOM_FOREST,low_change_score,1,0.0249803034341889,0.0249803034341889,0.0249803034341889,16
MECHANISTIC_UPPER_BOUND,RANDOM_FOREST,config_powerSupply,1,0.0247934610052217,0.0247934610052217,0.0247934610052217,17
MECHANISTIC_UPPER_BOUND,RANDOM_FOREST,config_dataInterface_NN,1,0.0229468960983521,0.0229468960983521,0.0229468960983521,18
MECHANISTIC_UPPER_BOUND,RANDOM_FOREST,real_proximity_score,1,0.0223915207091735,0.0223915207091735,0.0223915207091735,19
MECHANISTIC_UPPER_BOUND,RANDOM_FOREST,config_stromSchaltbar_CS1,1,0.0203604843747237,0.0203604843747237,0.0203604843747237,20
MECHANISTIC_UPPER_BOUND,RANDOM_FOREST,config_dataInterface_HS,1,0.0185673779928781,0.0185673779928781,0.0185673779928781,21
MECHANISTIC_UPPER_BOUND,RANDOM_FOREST,config_temperaturEingaenge_NOVALUE,1,0.0184709288289254,0.0184709288289254,0.0184709288289254,22
MECHANISTIC_UPPER_BOUND,RANDOM_FOREST,config_customUserFluid_NOVALUE,1,0.015820935245993,0.015820935245993,0.015820935245993,23
MECHANISTIC_UPPER_BOUND,RANDOM_FOREST,config_customUserFluid_1,1,0.0144616077181319,0.0144616077181319,0.0144616077181319,24
MECHANISTIC_UPPER_BOUND,RANDOM_FOREST,mandatory_total,1,0.012163951467804,0.012163951467804,0.012163951467804,25
MECHANISTIC_UPPER_BOUND,RANDOM_FOREST,mandatory_satisfied,1,0.0119207201652744,0.0119207201652744,0.0119207201652744,26
MECHANISTIC_UPPER_BOUND,RANDOM_FOREST,config_temperaturEingaenge_TT1,1,0.0119182951388899,0.0119182951388899,0.0119182951388899,27
MECHANISTIC_UPPER_BOUND,RANDOM_FOREST,config_certification_NN,1,0.0118237950203747,0.0118237950203747,0.0118237950203747,28
MECHANISTIC_UPPER_BOUND,RANDOM_FOREST,preferred_satisfied,1,0.0112801040320947,0.0112801040320947,0.0112801040320947,29
MECHANISTIC_UPPER_BOUND,RANDOM_FOREST,preferred_total,1,0.0109866616662588,0.0109866616662588,0.0109866616662588,30
MECHANISTIC_UPPER_BOUND,RANDOM_FOREST,config_stromSchaltbar_CS2,1,0.0105876079018149,0.0105876079018149,0.0105876079018149,31
MECHANISTIC_UPPER_BOUND,RANDOM_FOREST,config_certification_MN,1,0.0103634842862489,0.0103634842862489,0.0103634842862489,32
MECHANISTIC_UPPER_BOUND,RANDOM_FOREST,generation_method_TWO_CHARACTERISTIC,1,0.0086026088458586,0.0086026088458586,0.0086026088458586,33
MECHANISTIC_UPPER_BOUND,RANDOM_FOREST,config_waveInjector_NOVALUE,1,0.0083742487706166,0.0083742487706166,0.0083742487706166,34
MECHANISTIC_UPPER_BOUND,RANDOM_FOREST,config_dataInterface_PA,1,0.0079380049427372,0.0079380049427372,0.0079380049427372,35
MECHANISTIC_UPPER_BOUND,RANDOM_FOREST,config_waveInjector_FWI,1,0.0066895619052934,0.0066895619052934,0.0066895619052934,36
MECHANISTIC_UPPER_BOUND,RANDOM_FOREST,config_binaerOpenColl_MP_MP4,1,0.0062181117791364,0.0062181117791364,0.0062181117791364,37
MECHANISTIC_UPPER_BOUND,RANDOM_FOREST,config_devCategory_G,1,0.0057924220599551,0.0057924220599551,0.0057924220599551,38
MECHANISTIC_UPPER_BOUND,RANDOM_FOREST,config_characteristic_GP,1,0.0049049508663493,0.0049049508663493,0.0049049508663493,39
MECHANISTIC_UPPER_BOUND,RANDOM_FOREST,config_temperaturEingaenge_TT2,1,0.0046522240047994,0.0046522240047994,0.0046522240047994,40
MECHANISTIC_UPPER_BOUND,RANDOM_FOREST,config_devCategory_F,1,0.0046093281227102,0.0046093281227102,0.0046093281227102,41
MECHANISTIC_UPPER_BOUND,RANDOM_FOREST,evidence_level_MODERATE,1,0.0043046627124373,0.0043046627124373,0.0043046627124373,42
MECHANISTIC_UPPER_BOUND,RANDOM_FOREST,config_characteristic_TE,1,0.0041804834124394,0.0041804834124394,0.0041804834124394,43
MECHANISTIC_UPPER_BOUND,RANDOM_FOREST,config_characteristic_ST,1,0.0040680226836791,0.0040680226836791,0.0040680226836791,44
MECHANISTIC_UPPER_BOUND,RANDOM_FOREST,config_binaerDigitalOpenColl_MN_MN1,1,0.0040592474880089,0.0040592474880089,0.0040592474880089,45
MECHANISTIC_UPPER_BOUND,RANDOM_FOREST,config_explosionApproval_K,1,0.0039371047565271,0.0039371047565271,0.0039371047565271,46
MECHANISTIC_UPPER_BOUND,RANDOM_FOREST,evidence_level_VERY_STRONG,1,0.0038810148688424,0.0038810148688424,0.0038810148688424,47
MECHANISTIC_UPPER_BOUND,RANDOM_FOREST,config_steamApplication_NOVALUE,1,0.0038319622805297,0.0038319622805297,0.0038319622805297,48
MECHANISTIC_UPPER_BOUND,RANDOM_FOREST,config_binaerOpenColl_MP_MP1,1,0.0034743880208353,0.0034743880208353,0.0034743880208353,49
MECHANISTIC_UPPER_BOUND,RANDOM_FOREST,config_characteristic_CA,1,0.0034378435031181,0.0034378435031181,0.0034378435031181,50
MECHANISTIC_UPPER_BOUND,RANDOM_FOREST,config_protectionArea_N,1,0.0034291873163558,0.0034291873163558,0.0034291873163558,51
MECHANISTIC_UPPER_BOUND,RANDOM_FOREST,config_binaerOpenColl_MP_NOVALUE,1,0.0034066529886183,0.0034066529886183,0.0034066529886183,52
MECHANISTIC_UPPER_BOUND,RANDOM_FOREST,config_binaerDigitalOpenColl_MN_MN4,1,0.0033988544569432,0.0033988544569432,0.0033988544569432,53
MECHANISTIC_UPPER_BOUND,RANDOM_FOREST,config_explosionApproval_A,1,0.0033852594026223,0.0033852594026223,0.0033852594026223,54
MECHANISTIC_UPPER_BOUND,RANDOM_FOREST,config_binaerDigitalOpenColl_MN_NOVALUE,1,0.0033322772947597,0.0033322772947597,0.0033322772947597,55
MECHANISTIC_UPPER_BOUND,RANDOM_FOREST,config_protectionArea_2,1,0.0032746923777257,0.0032746923777257,0.0032746923777257,56
MECHANISTIC_UPPER_BOUND,RANDOM_FOREST,config_devCategory_H,1,0.0032438116249536,0.0032438116249536,0.0032438116249536,57
MECHANISTIC_UPPER_BOUND,RANDOM_FOREST,config_explosionApproval_N,1,0.0032427449289535,0.0032427449289535,0.0032427449289535,58
MECHANISTIC_UPPER_BOUND,RANDOM_FOREST,config_explosionApproval_F,1,0.0027525513830414,0.0027525513830414,0.0027525513830414,59
MECHANISTIC_UPPER_BOUND,RANDOM_FOREST,config_dynamicGasMaster_NOVALUE,1,0.0025522559405519,0.0025522559405519,0.0025522559405519,60
MECHANISTIC_UPPER_BOUND,RANDOM_FOREST,config_dynamicGasMaster_1,1,0.0023516478673596,0.0023516478673596,0.0023516478673596,61
MECHANISTIC_UPPER_BOUND,RANDOM_FOREST,generation_method_DEPENDENCY_TWO_CHARACTERISTIC,1,0.0023498111078523,0.0023498111078523,0.0023498111078523,62
MECHANISTIC_UPPER_BOUND,RANDOM_FOREST,config_dev_advMeterVerification_NOVALUE,1,0.0022938365447644,0.0022938365447644,0.0022938365447644,63
MECHANISTIC_UPPER_BOUND,RANDOM_FOREST,generation_method_ONE_CHARACTERISTIC,1,0.0022555103100396,0.0022555103100396,0.0022555103100396,64
MECHANISTIC_UPPER_BOUND,RANDOM_FOREST,config_dev_advMeterVerification_1,1,0.0021094862697864,0.0021094862697864,0.0021094862697864,65
MECHANISTIC_UPPER_BOUND,RANDOM_FOREST,config_binaerDigitalOpenColl_MN_MN2,1,0.0020709489821102,0.0020709489821102,0.0020709489821102,66
MECHANISTIC_UPPER_BOUND,RANDOM_FOREST,config_characteristic_PW,1,0.0017345221742173,0.0017345221742173,0.0017345221742173,67
MECHANISTIC_UPPER_BOUND,RANDOM_FOREST,config_numberOfChannels,1,0.0016435888507507,0.0016435888507507,0.0016435888507507,68
MECHANISTIC_UPPER_BOUND,RANDOM_FOREST,config_characteristic_WD,1,0.0015748702897491,0.0015748702897491,0.0015748702897491,69
MECHANISTIC_UPPER_BOUND,RANDOM_FOREST,config_devCategory_S,1,0.0015205351063401,0.0015205351063401,0.0015205351063401,70
MECHANISTIC_UPPER_BOUND,RANDOM_FOREST,evidence_level_LOW,1,0.0014627135921704,0.0014627135921704,0.0014627135921704,71
MECHANISTIC_UPPER_BOUND,RANDOM_FOREST,config_steamApplication_N,1,0.0013708415607982,0.0013708415607982,0.0013708415607982,72
MECHANISTIC_UPPER_BOUND,RANDOM_FOREST,config_dataInterface_MT,1,0.0011458171204988,0.0011458171204988,0.0011458171204988,73
MECHANISTIC_UPPER_BOUND,RANDOM_FOREST,config_dataInterface_MR,1,0.0008287354198178,0.0008287354198178,0.0008287354198178,74
MECHANISTIC_UPPER_BOUND,RANDOM_FOREST,evidence_level_STRONG,1,0.0007950350763473,0.0007950350763473,0.0007950350763473,75
MECHANISTIC_UPPER_BOUND,RANDOM_FOREST,config_steamApplication_H,1,0.0005706256846626,0.0005706256846626,0.0005706256846626,76
MECHANISTIC_UPPER_BOUND,RANDOM_FOREST,config_certification_CN,1,0.0003516130175119,0.0003516130175119,0.0003516130175119,77
MECHANISTIC_UPPER_BOUND,RANDOM_FOREST,config_binaerOpenColl_MP_MP2,1,0.0002077627812614,0.0002077627812614,0.0002077627812614,78
MECHANISTIC_UPPER_BOUND,RANDOM_FOREST,config_characteristic_VG,1,0.0001286847946234,0.0001286847946234,0.0001286847946234,79
MECHANISTIC_UPPER_BOUND,RANDOM_FOREST,config_stromEingaenge_IS2,1,6.813066520353092e-05,6.813066520353092e-05,6.813066520353092e-05,80
PROVENANCE_AWARE,LOGISTIC_REGRESSION,config_certification_MN,1,5.30864002100103,5.30864002100103,5.30864002100103,1
PROVENANCE_AWARE,LOGISTIC_REGRESSION,config_powerSupply,1,3.8884214653762106,3.8884214653762106,3.8884214653762106,2
PROVENANCE_AWARE,LOGISTIC_REGRESSION,config_certification_NN,1,2.7621060022382613,2.7621060022382613,2.7621060022382613,3
PROVENANCE_AWARE,LOGISTIC_REGRESSION,config_dataInterface_NN,1,2.499920977538194,2.499920977538194,2.499920977538194,4
PROVENANCE_AWARE,LOGISTIC_REGRESSION,config_certification_CN,1,2.4261104979910755,2.4261104979910755,2.4261104979910755,5
PROVENANCE_AWARE,LOGISTIC_REGRESSION,nearest_real_distance,1,2.354957170832541,2.354957170832541,2.354957170832541,6
PROVENANCE_AWARE,LOGISTIC_REGRESSION,source_frequency,1,2.15863024920612,2.15863024920612,2.15863024920612,7
PROVENANCE_AWARE,LOGISTIC_REGRESSION,config_characteristic_ST,1,1.758078178702734,1.758078178702734,1.758078178702734,8
PROVENANCE_AWARE,LOGISTIC_REGRESSION,config_binaerDigitalOpenColl_MN_MN2,1,1.7371038376157044,1.7371038376157044,1.7371038376157044,9
PROVENANCE_AWARE,LOGISTIC_REGRESSION,config_dataInterface_PA,1,1.7039315751017343,1.7039315751017343,1.7039315751017343,10
PROVENANCE_AWARE,LOGISTIC_REGRESSION,config_steamApplication_NOVALUE,1,1.6376546579310844,1.6376546579310844,1.6376546579310844,11
PROVENANCE_AWARE,LOGISTIC_REGRESSION,config_characteristic_PW,1,1.5076891462539113,1.5076891462539113,1.5076891462539113,12
PROVENANCE_AWARE,LOGISTIC_REGRESSION,config_stromSchaltbar_NOVALUE,1,1.4595763484883029,1.4595763484883029,1.4595763484883029,13
PROVENANCE_AWARE,LOGISTIC_REGRESSION,config_waveInjector_FWI,1,1.4323994914638254,1.4323994914638254,1.4323994914638254,14
PROVENANCE_AWARE,LOGISTIC_REGRESSION,config_waveInjector_NOVALUE,1,1.3119759706921936,1.3119759706921936,1.3119759706921936,15
PROVENANCE_AWARE,LOGISTIC_REGRESSION,config_stromSchaltbar_CS1,1,1.2828581346526586,1.2828581346526586,1.2828581346526586,16
PROVENANCE_AWARE,LOGISTIC_REGRESSION,config_steamApplication_N,1,1.2560588075969314,1.2560588075969314,1.2560588075969314,17
PROVENANCE_AWARE,LOGISTIC_REGRESSION,config_dataInterface_MR,1,1.130670300902334,1.130670300902334,1.130670300902334,18
PROVENANCE_AWARE,LOGISTIC_REGRESSION,config_characteristic_TE,1,1.0963528561437834,1.0963528561437834,1.0963528561437834,19
PROVENANCE_AWARE,LOGISTIC_REGRESSION,config_temperaturEingaenge_TT2,1,1.0963528561437834,1.0963528561437834,1.0963528561437834,20
PROVENANCE_AWARE,LOGISTIC_REGRESSION,config_stromEingaenge_NOVALUE,1,1.0291512125782876,1.0291512125782876,1.0291512125782876,21
PROVENANCE_AWARE,LOGISTIC_REGRESSION,config_binaerDigitalOpenColl_MN_MN1,1,1.022750097390257,1.022750097390257,1.022750097390257,22
PROVENANCE_AWARE,LOGISTIC_REGRESSION,config_binaerDigitalOpenColl_MN_NOVALUE,1,1.0040257873791325,1.0040257873791325,1.0040257873791325,23
PROVENANCE_AWARE,LOGISTIC_REGRESSION,config_temperaturEingaenge_TT1,1,0.9921770444014674,0.9921770444014674,0.9921770444014674,24
PROVENANCE_AWARE,LOGISTIC_REGRESSION,config_dataInterface_HS,1,0.970401561700458,0.970401561700458,0.970401561700458,25
PROVENANCE_AWARE,LOGISTIC_REGRESSION,config_characteristic_GP,1,0.9303801203580548,0.9303801203580548,0.9303801203580548,26
PROVENANCE_AWARE,LOGISTIC_REGRESSION,config_dataInterface_MT,1,0.8358346208666839,0.8358346208666839,0.8358346208666839,27
PROVENANCE_AWARE,LOGISTIC_REGRESSION,config_stromEingaenge_IS1,1,0.8255242691497438,0.8255242691497438,0.8255242691497438,28
PROVENANCE_AWARE,LOGISTIC_REGRESSION,mandatory_satisfied,1,0.6969144089006785,0.6969144089006785,0.6969144089006785,29
PROVENANCE_AWARE,LOGISTIC_REGRESSION,mandatory_total,1,0.6969144089006688,0.6969144089006688,0.6969144089006688,30
PROVENANCE_AWARE,LOGISTIC_REGRESSION,config_devCategory_G,1,0.6597849551905869,0.6597849551905869,0.6597849551905869,31
PROVENANCE_AWARE,LOGISTIC_REGRESSION,preferred_satisfied,1,0.6581759707000058,0.6581759707000058,0.6581759707000058,32
PROVENANCE_AWARE,LOGISTIC_REGRESSION,preferred_total,1,0.6581759707000058,0.6581759707000058,0.6581759707000058,33
PROVENANCE_AWARE,LOGISTIC_REGRESSION,generation_method_ONE_CHARACTERISTIC,1,0.6316145570068963,0.6316145570068963,0.6316145570068963,34
PROVENANCE_AWARE,LOGISTIC_REGRESSION,config_dynamicGasMaster_1,1,0.6295723261646221,0.6295723261646221,0.6295723261646221,35
PROVENANCE_AWARE,LOGISTIC_REGRESSION,evidence_level_VERY_STRONG,1,0.5385374104234167,0.5385374104234167,0.5385374104234167,36
PROVENANCE_AWARE,LOGISTIC_REGRESSION,config_devCategory_S,1,0.5250052824449359,0.5250052824449359,0.5250052824449359,37
PROVENANCE_AWARE,LOGISTIC_REGRESSION,config_dynamicGasMaster_NOVALUE,1,0.5091488053929641,0.5091488053929641,0.5091488053929641,38
PROVENANCE_AWARE,LOGISTIC_REGRESSION,config_steamApplication_H,1,0.5020193711058047,0.5020193711058047,0.5020193711058047,39
PROVENANCE_AWARE,LOGISTIC_REGRESSION,config_numberOfChannels,1,0.4869562626867108,0.4869562626867108,0.4869562626867108,40
PROVENANCE_AWARE,LOGISTIC_REGRESSION,evidence_level_MODERATE,1,0.4676297982265429,0.4676297982265429,0.4676297982265429,41
PROVENANCE_AWARE,LOGISTIC_REGRESSION,config_customUserFluid_1,1,0.4536409672145077,0.4536409672145077,0.4536409672145077,42
PROVENANCE_AWARE,LOGISTIC_REGRESSION,config_devCategory_H,1,0.4323462929954587,0.4323462929954587,0.4323462929954587,43
PROVENANCE_AWARE,LOGISTIC_REGRESSION,generation_method_TWO_CHARACTERISTIC,1,0.395654434865006,0.395654434865006,0.395654434865006,44
PROVENANCE_AWARE,LOGISTIC_REGRESSION,config_dev_advMeterVerification_1,1,0.3561459768159479,0.3561459768159479,0.3561459768159479,45
PROVENANCE_AWARE,LOGISTIC_REGRESSION,config_customUserFluid_NOVALUE,1,0.3332174464428434,0.3332174464428434,0.3332174464428434,46
PROVENANCE_AWARE,LOGISTIC_REGRESSION,config_characteristic_WD,1,0.3260129853372953,0.3260129853372953,0.3260129853372953,47
PROVENANCE_AWARE,LOGISTIC_REGRESSION,evidence_level_STRONG,1,0.3146394752435616,0.3146394752435616,0.3146394752435616,48
PROVENANCE_AWARE,LOGISTIC_REGRESSION,evidence_score,1,0.2898585175157327,0.2898585175157327,0.2898585175157327,49
PROVENANCE_AWARE,LOGISTIC_REGRESSION,evidence_level_OBSERVED,1,0.2633064963300656,0.2633064963300656,0.2633064963300656,50
PROVENANCE_AWARE,LOGISTIC_REGRESSION,generation_method_REAL_OBSERVED,1,0.2633064963300656,0.2633064963300656,0.2633064963300656,51
PROVENANCE_AWARE,LOGISTIC_REGRESSION,record_type_OBSERVED,1,0.2633064963300593,0.2633064963300593,0.2633064963300593,52
PROVENANCE_AWARE,LOGISTIC_REGRESSION,config_binaerOpenColl_MP_MP4,1,0.2493826691544078,0.2493826691544078,0.2493826691544078,53
PROVENANCE_AWARE,LOGISTIC_REGRESSION,evidence_level_LOW,1,0.242664111882027,0.242664111882027,0.242664111882027,54
PROVENANCE_AWARE,LOGISTIC_REGRESSION,num_changed_characteristics,1,0.2419111329341243,0.2419111329341243,0.2419111329341243,55
PROVENANCE_AWARE,LOGISTIC_REGRESSION,config_dev_advMeterVerification_NOVALUE,1,0.2357224560442842,0.2357224560442842,0.2357224560442842,56
PROVENANCE_AWARE,LOGISTIC_REGRESSION,config_explosionApproval_A,1,0.2288071256123777,0.2288071256123777,0.2288071256123777,57
PROVENANCE_AWARE,LOGISTIC_REGRESSION,config_temperaturEingaenge_NOVALUE,1,0.2245993325139772,0.2245993325139772,0.2245993325139772,58
PROVENANCE_AWARE,LOGISTIC_REGRESSION,config_explosionApproval_F,1,0.2098842862869306,0.2098842862869306,0.2098842862869306,59
PROVENANCE_AWARE,LOGISTIC_REGRESSION,config_devCategory_F,1,0.1771430994781512,0.1771430994781512,0.1771430994781512,60
PROVENANCE_AWARE,LOGISTIC_REGRESSION,config_binaerOpenColl_MP_MP2,1,0.1746460909619635,0.1746460909619635,0.1746460909619635,61
PROVENANCE_AWARE,LOGISTIC_REGRESSION,config_binaerDigitalOpenColl_MN_MN4,1,0.1692485263820246,0.1692485263820246,0.1692485263820246,62
PROVENANCE_AWARE,LOGISTIC_REGRESSION,config_protectionArea_2,1,0.1619003824574794,0.1619003824574794,0.1619003824574794,63
PROVENANCE_AWARE,LOGISTIC_REGRESSION,config_characteristic_CA,1,0.1506096188732411,0.1506096188732411,0.1506096188732411,64
PROVENANCE_AWARE,LOGISTIC_REGRESSION,config_explosionApproval_K,1,0.1429775431320313,0.1429775431320313,0.1429775431320313,65
PROVENANCE_AWARE,LOGISTIC_REGRESSION,record_type_DERIVED,1,0.1428829755584059,0.1428829755584059,0.1428829755584059,66
PROVENANCE_AWARE,LOGISTIC_REGRESSION,config_characteristic_VG,1,0.1393961423554877,0.1393961423554877,0.1393961423554877,67
PROVENANCE_AWARE,LOGISTIC_REGRESSION,config_binaerOpenColl_MP_MP1,1,0.0985357639937319,0.0985357639937319,0.0985357639937319,68
PROVENANCE_AWARE,LOGISTIC_REGRESSION,generation_method_DEPENDENCY_TWO_CHARACTERISTIC,1,0.0930771465834813,0.0930771465834813,0.0930771465834813,69
PROVENANCE_AWARE,LOGISTIC_REGRESSION,config_stromEingaenge_IS2,1,0.0832034226568917,0.0832034226568917,0.0832034226568917,70
PROVENANCE_AWARE,LOGISTIC_REGRESSION,config_stromSchaltbar_CS2,1,0.0562946930639874,0.0562946930639874,0.0562946930639874,71
PROVENANCE_AWARE,LOGISTIC_REGRESSION,config_binaerOpenColl_MP_NOVALUE,1,0.0528488214145167,0.0528488214145167,0.0528488214145167,72
PROVENANCE_AWARE,LOGISTIC_REGRESSION,config_explosionApproval_N,1,0.0414768616858252,0.0414768616858252,0.0414768616858252,73
PROVENANCE_AWARE,LOGISTIC_REGRESSION,config_protectionArea_N,1,0.0414768616858217,0.0414768616858217,0.0414768616858217,74
PROVENANCE_AWARE,RANDOM_FOREST,source_frequency,1,0.1003660854665291,0.1003660854665291,0.1003660854665291,1
PROVENANCE_AWARE,RANDOM_FOREST,evidence_score,1,0.0659790234250173,0.0659790234250173,0.0659790234250173,2
PROVENANCE_AWARE,RANDOM_FOREST,evidence_level_OBSERVED,1,0.0496566695537844,0.0496566695537844,0.0496566695537844,3
PROVENANCE_AWARE,RANDOM_FOREST,record_type_DERIVED,1,0.047694503129684,0.047694503129684,0.047694503129684,4
PROVENANCE_AWARE,RANDOM_FOREST,config_stromEingaenge_NOVALUE,1,0.0443547127747096,0.0443547127747096,0.0443547127747096,5
PROVENANCE_AWARE,RANDOM_FOREST,nearest_real_distance,1,0.0442195538776333,0.0442195538776333,0.0442195538776333,6
PROVENANCE_AWARE,RANDOM_FOREST,num_changed_characteristics,1,0.0428738904514142,0.0428738904514142,0.0428738904514142,7
PROVENANCE_AWARE,RANDOM_FOREST,config_stromSchaltbar_NOVALUE,1,0.0423292245722783,0.0423292245722783,0.0423292245722783,8
PROVENANCE_AWARE,RANDOM_FOREST,record_type_OBSERVED,1,0.0415317020684888,0.0415317020684888,0.0415317020684888,9
PROVENANCE_AWARE,RANDOM_FOREST,config_stromEingaenge_IS1,1,0.0392902641839491,0.0392902641839491,0.0392902641839491,10
PROVENANCE_AWARE,RANDOM_FOREST,generation_method_REAL_OBSERVED,1,0.0361622143469009,0.0361622143469009,0.0361622143469009,11
PROVENANCE_AWARE,RANDOM_FOREST,config_powerSupply,1,0.0312028185045447,0.0312028185045447,0.0312028185045447,12
PROVENANCE_AWARE,RANDOM_FOREST,config_dataInterface_NN,1,0.0278561463621326,0.0278561463621326,0.0278561463621326,13
PROVENANCE_AWARE,RANDOM_FOREST,config_stromSchaltbar_CS1,1,0.024907362600792,0.024907362600792,0.024907362600792,14
PROVENANCE_AWARE,RANDOM_FOREST,config_dataInterface_HS,1,0.0201375166223937,0.0201375166223937,0.0201375166223937,15
PROVENANCE_AWARE,RANDOM_FOREST,config_temperaturEingaenge_NOVALUE,1,0.0187481404834989,0.0187481404834989,0.0187481404834989,16
PROVENANCE_AWARE,RANDOM_FOREST,mandatory_total,1,0.017433233556899,0.017433233556899,0.017433233556899,17
PROVENANCE_AWARE,RANDOM_FOREST,config_customUserFluid_1,1,0.0171085738267934,0.0171085738267934,0.0171085738267934,18
PROVENANCE_AWARE,RANDOM_FOREST,mandatory_satisfied,1,0.0170166464630703,0.0170166464630703,0.0170166464630703,19
PROVENANCE_AWARE,RANDOM_FOREST,preferred_total,1,0.0159850342310306,0.0159850342310306,0.0159850342310306,20
PROVENANCE_AWARE,RANDOM_FOREST,preferred_satisfied,1,0.0158978161247876,0.0158978161247876,0.0158978161247876,21
PROVENANCE_AWARE,RANDOM_FOREST,config_customUserFluid_NOVALUE,1,0.0153023453828874,0.0153023453828874,0.0153023453828874,22
PROVENANCE_AWARE,RANDOM_FOREST,config_temperaturEingaenge_TT1,1,0.0140081612874158,0.0140081612874158,0.0140081612874158,23
PROVENANCE_AWARE,RANDOM_FOREST,config_stromSchaltbar_CS2,1,0.0139484718433129,0.0139484718433129,0.0139484718433129,24
PROVENANCE_AWARE,RANDOM_FOREST,config_certification_MN,1,0.0134263891042398,0.0134263891042398,0.0134263891042398,25
PROVENANCE_AWARE,RANDOM_FOREST,config_certification_NN,1,0.0128035912099348,0.0128035912099348,0.0128035912099348,26
PROVENANCE_AWARE,RANDOM_FOREST,generation_method_TWO_CHARACTERISTIC,1,0.0108806289109538,0.0108806289109538,0.0108806289109538,27
PROVENANCE_AWARE,RANDOM_FOREST,config_dataInterface_PA,1,0.0084012821982449,0.0084012821982449,0.0084012821982449,28
PROVENANCE_AWARE,RANDOM_FOREST,config_waveInjector_NOVALUE,1,0.0081322366399338,0.0081322366399338,0.0081322366399338,29
PROVENANCE_AWARE,RANDOM_FOREST,evidence_level_VERY_STRONG,1,0.0071513337591014,0.0071513337591014,0.0071513337591014,30
PROVENANCE_AWARE,RANDOM_FOREST,config_waveInjector_FWI,1,0.0063737825403674,0.0063737825403674,0.0063737825403674,31
PROVENANCE_AWARE,RANDOM_FOREST,config_binaerOpenColl_MP_MP4,1,0.0061862053793923,0.0061862053793923,0.0061862053793923,32
PROVENANCE_AWARE,RANDOM_FOREST,config_characteristic_GP,1,0.0060068208595535,0.0060068208595535,0.0060068208595535,33
PROVENANCE_AWARE,RANDOM_FOREST,config_devCategory_G,1,0.0055910136737978,0.0055910136737978,0.0055910136737978,34
PROVENANCE_AWARE,RANDOM_FOREST,evidence_level_MODERATE,1,0.0055623113831461,0.0055623113831461,0.0055623113831461,35
PROVENANCE_AWARE,RANDOM_FOREST,config_devCategory_F,1,0.0047711320418885,0.0047711320418885,0.0047711320418885,36
PROVENANCE_AWARE,RANDOM_FOREST,generation_method_DEPENDENCY_TWO_CHARACTERISTIC,1,0.0047471836956829,0.0047471836956829,0.0047471836956829,37
PROVENANCE_AWARE,RANDOM_FOREST,config_temperaturEingaenge_TT2,1,0.0047441576561371,0.0047441576561371,0.0047441576561371,38
PROVENANCE_AWARE,RANDOM_FOREST,config_characteristic_TE,1,0.0044621039886444,0.0044621039886444,0.0044621039886444,39
PROVENANCE_AWARE,RANDOM_FOREST,config_characteristic_ST,1,0.004260728287534,0.004260728287534,0.004260728287534,40
PROVENANCE_AWARE,RANDOM_FOREST,config_binaerOpenColl_MP_MP1,1,0.0041388110804147,0.0041388110804147,0.0041388110804147,41
PROVENANCE_AWARE,RANDOM_FOREST,config_explosionApproval_K,1,0.0040583984095752,0.0040583984095752,0.0040583984095752,42
PROVENANCE_AWARE,RANDOM_FOREST,config_binaerDigitalOpenColl_MN_MN1,1,0.0040501856794943,0.0040501856794943,0.0040501856794943,43
PROVENANCE_AWARE,RANDOM_FOREST,config_binaerDigitalOpenColl_MN_NOVALUE,1,0.0037300793403995,0.0037300793403995,0.0037300793403995,44
PROVENANCE_AWARE,RANDOM_FOREST,config_steamApplication_NOVALUE,1,0.0036630700692464,0.0036630700692464,0.0036630700692464,45
PROVENANCE_AWARE,RANDOM_FOREST,config_protectionArea_2,1,0.003606885829991,0.003606885829991,0.003606885829991,46
PROVENANCE_AWARE,RANDOM_FOREST,config_explosionApproval_A,1,0.0036059471682877,0.0036059471682877,0.0036059471682877,47
PROVENANCE_AWARE,RANDOM_FOREST,config_explosionApproval_N,1,0.0034598330830962,0.0034598330830962,0.0034598330830962,48
PROVENANCE_AWARE,RANDOM_FOREST,config_protectionArea_N,1,0.0034414730327644,0.0034414730327644,0.0034414730327644,49
PROVENANCE_AWARE,RANDOM_FOREST,config_binaerOpenColl_MP_NOVALUE,1,0.0033964251325017,0.0033964251325017,0.0033964251325017,50
PROVENANCE_AWARE,RANDOM_FOREST,config_devCategory_H,1,0.0033510592371482,0.0033510592371482,0.0033510592371482,51
PROVENANCE_AWARE,RANDOM_FOREST,config_characteristic_CA,1,0.0032447526417482,0.0032447526417482,0.0032447526417482,52
PROVENANCE_AWARE,RANDOM_FOREST,generation_method_ONE_CHARACTERISTIC,1,0.0031638299528971,0.0031638299528971,0.0031638299528971,53
PROVENANCE_AWARE,RANDOM_FOREST,config_binaerDigitalOpenColl_MN_MN4,1,0.0030417824093817,0.0030417824093817,0.0030417824093817,54
PROVENANCE_AWARE,RANDOM_FOREST,config_dev_advMeterVerification_1,1,0.0027709003546001,0.0027709003546001,0.0027709003546001,55
PROVENANCE_AWARE,RANDOM_FOREST,config_dynamicGasMaster_NOVALUE,1,0.0027525503180515,0.0027525503180515,0.0027525503180515,56
PROVENANCE_AWARE,RANDOM_FOREST,config_characteristic_PW,1,0.0027287262252848,0.0027287262252848,0.0027287262252848,57
PROVENANCE_AWARE,RANDOM_FOREST,config_dev_advMeterVerification_NOVALUE,1,0.0027085119621922,0.0027085119621922,0.0027085119621922,58
PROVENANCE_AWARE,RANDOM_FOREST,config_explosionApproval_F,1,0.0026606469999083,0.0026606469999083,0.0026606469999083,59
PROVENANCE_AWARE,RANDOM_FOREST,config_dynamicGasMaster_1,1,0.0026461749243027,0.0026461749243027,0.0026461749243027,60
PROVENANCE_AWARE,RANDOM_FOREST,evidence_level_LOW,1,0.0022812878036691,0.0022812878036691,0.0022812878036691,61
PROVENANCE_AWARE,RANDOM_FOREST,config_steamApplication_N,1,0.0021659749718054,0.0021659749718054,0.0021659749718054,62
PROVENANCE_AWARE,RANDOM_FOREST,config_binaerDigitalOpenColl_MN_MN2,1,0.0021465273779178,0.0021465273779178,0.0021465273779178,63
PROVENANCE_AWARE,RANDOM_FOREST,config_numberOfChannels,1,0.0019074467756673,0.0019074467756673,0.0019074467756673,64
PROVENANCE_AWARE,RANDOM_FOREST,config_characteristic_WD,1,0.0015717140254848,0.0015717140254848,0.0015717140254848,65
PROVENANCE_AWARE,RANDOM_FOREST,config_devCategory_S,1,0.0015256506765611,0.0015256506765611,0.0015256506765611,66
PROVENANCE_AWARE,RANDOM_FOREST,config_dataInterface_MT,1,0.0015036292813097,0.0015036292813097,0.0015036292813097,67
PROVENANCE_AWARE,RANDOM_FOREST,config_dataInterface_MR,1,0.0007962344114404,0.0007962344114404,0.0007962344114404,68
PROVENANCE_AWARE,RANDOM_FOREST,evidence_level_STRONG,1,0.0007673041692178,0.0007673041692178,0.0007673041692178,69
PROVENANCE_AWARE,RANDOM_FOREST,config_certification_CN,1,0.0006273759263487,0.0006273759263487,0.0006273759263487,70
PROVENANCE_AWARE,RANDOM_FOREST,config_steamApplication_H,1,0.000562418308165,0.000562418308165,0.000562418308165,71
PROVENANCE_AWARE,RANDOM_FOREST,config_binaerOpenColl_MP_MP2,1,0.0002536139702798,0.0002536139702798,0.0002536139702798,72
PROVENANCE_AWARE,RANDOM_FOREST,config_characteristic_VG,1,0.0001145698582948,0.0001145698582948,0.0001145698582948,73
PROVENANCE_AWARE,RANDOM_FOREST,config_stromEingaenge_IS2,1,4.5196124048263055e-05,4.5196124048263055e-05,4.5196124048263055e-05,74
REALISTIC_BASELINE,LOGISTIC_REGRESSION,config_characteristic_GP,1,7.293612846091731,7.293612846091731,7.293612846091731,1
REALISTIC_BASELINE,LOGISTIC_REGRESSION,config_devCategory_G,1,7.1408232527350455,7.1408232527350455,7.1408232527350455,2
REALISTIC_BASELINE,LOGISTIC_REGRESSION,config_steamApplication_N,1,5.940861300921011,5.940861300921011,5.940861300921011,3
REALISTIC_BASELINE,LOGISTIC_REGRESSION,config_devCategory_H,1,5.424167473490662,5.424167473490662,5.424167473490662,4
REALISTIC_BASELINE,LOGISTIC_REGRESSION,config_devCategory_S,1,5.379506677479113,5.379506677479113,5.379506677479113,5
REALISTIC_BASELINE,LOGISTIC_REGRESSION,config_steamApplication_H,1,4.282544334736258,4.282544334736258,4.282544334736258,6
REALISTIC_BASELINE,LOGISTIC_REGRESSION,config_waveInjector_NOVALUE,1,3.7983643277770263,3.7983643277770263,3.7983643277770263,7
REALISTIC_BASELINE,LOGISTIC_REGRESSION,config_characteristic_WD,1,3.790127551540449,3.790127551540449,3.790127551540449,8
REALISTIC_BASELINE,LOGISTIC_REGRESSION,config_stromSchaltbar_CS1,1,3.206826095364959,3.206826095364959,3.206826095364959,9
REALISTIC_BASELINE,LOGISTIC_REGRESSION,config_waveInjector_FWI,1,3.011068511355502,3.011068511355502,3.011068511355502,10
REALISTIC_BASELINE,LOGISTIC_REGRESSION,config_characteristic_CA,1,2.920524356306562,2.920524356306562,2.920524356306562,11
REALISTIC_BASELINE,LOGISTIC_REGRESSION,config_devCategory_F,1,2.8755550818132347,2.8755550818132347,2.8755550818132347,12
REALISTIC_BASELINE,LOGISTIC_REGRESSION,config_binaerOpenColl_MP_MP1,1,2.851391308265208,2.851391308265208,2.851391308265208,13
REALISTIC_BASELINE,LOGISTIC_REGRESSION,config_temperaturEingaenge_NOVALUE,1,2.7303481103284817,2.7303481103284817,2.7303481103284817,14
REALISTIC_BASELINE,LOGISTIC_REGRESSION,config_binaerDigitalOpenColl_MN_NOVALUE,1,2.4839288004229783,2.4839288004229783,2.4839288004229783,15
REALISTIC_BASELINE,LOGISTIC_REGRESSION,config_steamApplication_NOVALUE,1,2.4456127826062573,2.4456127826062573,2.4456127826062573,16
REALISTIC_BASELINE,LOGISTIC_REGRESSION,config_customUserFluid_1,1,2.379920054014968,2.379920054014968,2.379920054014968,17
REALISTIC_BASELINE,LOGISTIC_REGRESSION,config_binaerDigitalOpenColl_MN_MN1,1,2.366480689659328,2.366480689659328,2.366480689659328,18
REALISTIC_BASELINE,LOGISTIC_REGRESSION,config_dev_advMeterVerification_1,1,2.3622800389492107,2.3622800389492107,2.3622800389492107,19
REALISTIC_BASELINE,LOGISTIC_REGRESSION,config_dynamicGasMaster_1,1,2.3240323866288337,2.3240323866288337,2.3240323866288337,20
REALISTIC_BASELINE,LOGISTIC_REGRESSION,config_temperaturEingaenge_TT2,1,1.905570452444735,1.905570452444735,1.905570452444735,21
REALISTIC_BASELINE,LOGISTIC_REGRESSION,config_characteristic_TE,1,1.9055704524447328,1.9055704524447328,1.9055704524447328,22
REALISTIC_BASELINE,LOGISTIC_REGRESSION,config_binaerOpenColl_MP_NOVALUE,1,1.887394120151762,1.887394120151762,1.887394120151762,23
REALISTIC_BASELINE,LOGISTIC_REGRESSION,config_stromEingaenge_IS1,1,1.7477369577644692,1.7477369577644692,1.7477369577644692,24
REALISTIC_BASELINE,LOGISTIC_REGRESSION,config_stromSchaltbar_CS2,1,1.6918835968756722,1.6918835968756722,1.6918835968756722,25
REALISTIC_BASELINE,LOGISTIC_REGRESSION,config_characteristic_ST,1,1.658316966184756,1.658316966184756,1.658316966184756,26
REALISTIC_BASELINE,LOGISTIC_REGRESSION,config_temperaturEingaenge_TT1,1,1.612073474305398,1.612073474305398,1.612073474305398,27
REALISTIC_BASELINE,LOGISTIC_REGRESSION,config_customUserFluid_NOVALUE,1,1.592624237593416,1.592624237593416,1.592624237593416,28
REALISTIC_BASELINE,LOGISTIC_REGRESSION,config_dev_advMeterVerification_NOVALUE,1,1.5749842225276798,1.5749842225276798,1.5749842225276798,29
REALISTIC_BASELINE,LOGISTIC_REGRESSION,config_dynamicGasMaster_NOVALUE,1,1.536736570207308,1.536736570207308,1.536736570207308,30
REALISTIC_BASELINE,LOGISTIC_REGRESSION,config_binaerDigitalOpenColl_MN_MN2,1,1.399393918120559,1.399393918120559,1.399393918120559,31
REALISTIC_BASELINE,LOGISTIC_REGRESSION,config_binaerOpenColl_MP_MP4,1,1.264360812879561,1.264360812879561,1.264360812879561,32
REALISTIC_BASELINE,LOGISTIC_REGRESSION,config_binaerOpenColl_MP_MP2,1,1.0876594411876188,1.0876594411876188,1.0876594411876188,33
REALISTIC_BASELINE,LOGISTIC_REGRESSION,config_certification_NN,1,1.0752704409920324,1.0752704409920324,1.0752704409920324,34
REALISTIC_BASELINE,LOGISTIC_REGRESSION,config_characteristic_PW,1,1.047641919376464,1.047641919376464,1.047641919376464,35
REALISTIC_BASELINE,LOGISTIC_REGRESSION,config_powerSupply,1,1.0343157286911056,1.0343157286911056,1.0343157286911056,36
REALISTIC_BASELINE,LOGISTIC_REGRESSION,config_certification_MN,1,1.0075629760633733,1.0075629760633733,1.0075629760633733,37
REALISTIC_BASELINE,LOGISTIC_REGRESSION,config_stromEingaenge_NOVALUE,1,0.9960708379572224,0.9960708379572224,0.9960708379572224,38
REALISTIC_BASELINE,LOGISTIC_REGRESSION,config_stromSchaltbar_NOVALUE,1,0.7276466820676456,0.7276466820676456,0.7276466820676456,39
REALISTIC_BASELINE,LOGISTIC_REGRESSION,config_certification_CN,1,0.7195883514928848,0.7195883514928848,0.7195883514928848,40
REALISTIC_BASELINE,LOGISTIC_REGRESSION,config_dataInterface_MR,1,0.689482269982241,0.689482269982241,0.689482269982241,41
REALISTIC_BASELINE,LOGISTIC_REGRESSION,config_dataInterface_HS,1,0.6754045176302899,0.6754045176302899,0.6754045176302899,42
REALISTIC_BASELINE,LOGISTIC_REGRESSION,config_binaerDigitalOpenColl_MN_MN4,1,0.494649990935369,0.494649990935369,0.494649990935369,43
REALISTIC_BASELINE,LOGISTIC_REGRESSION,mandatory_satisfied,1,0.4680182287220021,0.4680182287220021,0.4680182287220021,44
REALISTIC_BASELINE,LOGISTIC_REGRESSION,mandatory_total,1,0.4680182287220021,0.4680182287220021,0.4680182287220021,45
REALISTIC_BASELINE,LOGISTIC_REGRESSION,preferred_satisfied,1,0.4404811209920944,0.4404811209920944,0.4404811209920944,46
REALISTIC_BASELINE,LOGISTIC_REGRESSION,preferred_total,1,0.4404811209920944,0.4404811209920944,0.4404811209920944,47
REALISTIC_BASELINE,LOGISTIC_REGRESSION,config_dataInterface_PA,1,0.428971141183317,0.428971141183317,0.428971141183317,48
REALISTIC_BASELINE,LOGISTIC_REGRESSION,config_explosionApproval_N,1,0.3938541282919089,0.3938541282919089,0.3938541282919089,49
REALISTIC_BASELINE,LOGISTIC_REGRESSION,config_protectionArea_N,1,0.3938541282919089,0.3938541282919089,0.3938541282919089,50
REALISTIC_BASELINE,LOGISTIC_REGRESSION,config_protectionArea_2,1,0.3934416881296192,0.3934416881296192,0.3934416881296192,51
REALISTIC_BASELINE,LOGISTIC_REGRESSION,config_dataInterface_NN,1,0.2309250758746471,0.2309250758746471,0.2309250758746471,52
REALISTIC_BASELINE,LOGISTIC_REGRESSION,config_explosionApproval_F,1,0.2003755468453112,0.2003755468453112,0.2003755468453112,53
REALISTIC_BASELINE,LOGISTIC_REGRESSION,config_numberOfChannels,1,0.1548638858428368,0.1548638858428368,0.1548638858428368,54
REALISTIC_BASELINE,LOGISTIC_REGRESSION,config_dataInterface_MT,1,0.1414773517155081,0.1414773517155081,0.1414773517155081,55
REALISTIC_BASELINE,LOGISTIC_REGRESSION,config_explosionApproval_K,1,0.1060790667849601,0.1060790667849601,0.1060790667849601,56
REALISTIC_BASELINE,LOGISTIC_REGRESSION,config_explosionApproval_A,1,0.0869870744993475,0.0869870744993475,0.0869870744993475,57
REALISTIC_BASELINE,LOGISTIC_REGRESSION,config_characteristic_VG,1,0.0753613490298486,0.0753613490298486,0.0753613490298486,58
REALISTIC_BASELINE,LOGISTIC_REGRESSION,config_stromEingaenge_IS2,1,0.0356296966143999,0.0356296966143999,0.0356296966143999,59
REALISTIC_BASELINE,RANDOM_FOREST,config_stromSchaltbar_NOVALUE,1,0.0918360742629759,0.0918360742629759,0.0918360742629759,1
REALISTIC_BASELINE,RANDOM_FOREST,config_temperaturEingaenge_NOVALUE,1,0.0737149448710385,0.0737149448710385,0.0737149448710385,2
REALISTIC_BASELINE,RANDOM_FOREST,config_temperaturEingaenge_TT1,1,0.0617301708490511,0.0617301708490511,0.0617301708490511,3
REALISTIC_BASELINE,RANDOM_FOREST,config_stromSchaltbar_CS1,1,0.0608861661046764,0.0608861661046764,0.0608861661046764,4
REALISTIC_BASELINE,RANDOM_FOREST,config_stromEingaenge_NOVALUE,1,0.0521542671628478,0.0521542671628478,0.0521542671628478,5
REALISTIC_BASELINE,RANDOM_FOREST,config_stromEingaenge_IS1,1,0.0506285865138908,0.0506285865138908,0.0506285865138908,6
REALISTIC_BASELINE,RANDOM_FOREST,config_customUserFluid_1,1,0.038201366288917,0.038201366288917,0.038201366288917,7
REALISTIC_BASELINE,RANDOM_FOREST,config_customUserFluid_NOVALUE,1,0.0368144048554746,0.0368144048554746,0.0368144048554746,8
REALISTIC_BASELINE,RANDOM_FOREST,mandatory_total,1,0.0244768682959283,0.0244768682959283,0.0244768682959283,9
REALISTIC_BASELINE,RANDOM_FOREST,mandatory_satisfied,1,0.0242010693070968,0.0242010693070968,0.0242010693070968,10
REALISTIC_BASELINE,RANDOM_FOREST,preferred_total,1,0.0235117446320438,0.0235117446320438,0.0235117446320438,11
REALISTIC_BASELINE,RANDOM_FOREST,preferred_satisfied,1,0.0234683468392905,0.0234683468392905,0.0234683468392905,12
REALISTIC_BASELINE,RANDOM_FOREST,config_dataInterface_NN,1,0.023341110265684,0.023341110265684,0.023341110265684,13
REALISTIC_BASELINE,RANDOM_FOREST,config_dataInterface_HS,1,0.0223533754856722,0.0223533754856722,0.0223533754856722,14
REALISTIC_BASELINE,RANDOM_FOREST,config_powerSupply,1,0.0221723453164884,0.0221723453164884,0.0221723453164884,15
REALISTIC_BASELINE,RANDOM_FOREST,config_devCategory_F,1,0.0216741754252737,0.0216741754252737,0.0216741754252737,16
REALISTIC_BASELINE,RANDOM_FOREST,config_dev_advMeterVerification_1,1,0.0209239880317717,0.0209239880317717,0.0209239880317717,17
REALISTIC_BASELINE,RANDOM_FOREST,config_devCategory_G,1,0.0208915185858311,0.0208915185858311,0.0208915185858311,18
REALISTIC_BASELINE,RANDOM_FOREST,config_binaerOpenColl_MP_NOVALUE,1,0.0185937102610561,0.0185937102610561,0.0185937102610561,19
REALISTIC_BASELINE,RANDOM_FOREST,config_binaerOpenColl_MP_MP1,1,0.0184628330966557,0.0184628330966557,0.0184628330966557,20
REALISTIC_BASELINE,RANDOM_FOREST,config_dev_advMeterVerification_NOVALUE,1,0.0178064317960556,0.0178064317960556,0.0178064317960556,21
REALISTIC_BASELINE,RANDOM_FOREST,config_binaerDigitalOpenColl_MN_MN1,1,0.0162675726908949,0.0162675726908949,0.0162675726908949,22
REALISTIC_BASELINE,RANDOM_FOREST,config_binaerDigitalOpenColl_MN_NOVALUE,1,0.0161929692407706,0.0161929692407706,0.0161929692407706,23
REALISTIC_BASELINE,RANDOM_FOREST,config_stromSchaltbar_CS2,1,0.0133087869006168,0.0133087869006168,0.0133087869006168,24
REALISTIC_BASELINE,RANDOM_FOREST,config_dynamicGasMaster_1,1,0.0129724074570935,0.0129724074570935,0.0129724074570935,25
REALISTIC_BASELINE,RANDOM_FOREST,config_waveInjector_NOVALUE,1,0.0129433909754011,0.0129433909754011,0.0129433909754011,26
REALISTIC_BASELINE,RANDOM_FOREST,config_dynamicGasMaster_NOVALUE,1,0.0125912248616063,0.0125912248616063,0.0125912248616063,27
REALISTIC_BASELINE,RANDOM_FOREST,config_waveInjector_FWI,1,0.0120371242496815,0.0120371242496815,0.0120371242496815,28
REALISTIC_BASELINE,RANDOM_FOREST,config_characteristic_GP,1,0.010742811875687,0.010742811875687,0.010742811875687,29
REALISTIC_BASELINE,RANDOM_FOREST,config_certification_MN,1,0.0106367758934403,0.0106367758934403,0.0106367758934403,30
REALISTIC_BASELINE,RANDOM_FOREST,config_certification_NN,1,0.010309079245735,0.010309079245735,0.010309079245735,31
REALISTIC_BASELINE,RANDOM_FOREST,config_devCategory_H,1,0.0090746467732073,0.0090746467732073,0.0090746467732073,32
REALISTIC_BASELINE,RANDOM_FOREST,config_characteristic_ST,1,0.0081530565271303,0.0081530565271303,0.0081530565271303,33
REALISTIC_BASELINE,RANDOM_FOREST,config_dataInterface_PA,1,0.0077921072057307,0.0077921072057307,0.0077921072057307,34
REALISTIC_BASELINE,RANDOM_FOREST,config_steamApplication_NOVALUE,1,0.0073440305517372,0.0073440305517372,0.0073440305517372,35
REALISTIC_BASELINE,RANDOM_FOREST,config_binaerOpenColl_MP_MP4,1,0.0067719948399577,0.0067719948399577,0.0067719948399577,36
REALISTIC_BASELINE,RANDOM_FOREST,config_devCategory_S,1,0.0065975679783369,0.0065975679783369,0.0065975679783369,37
REALISTIC_BASELINE,RANDOM_FOREST,config_explosionApproval_F,1,0.0060203373369524,0.0060203373369524,0.0060203373369524,38
REALISTIC_BASELINE,RANDOM_FOREST,config_temperaturEingaenge_TT2,1,0.0057572207556784,0.0057572207556784,0.0057572207556784,39
REALISTIC_BASELINE,RANDOM_FOREST,config_explosionApproval_K,1,0.0056943341426176,0.0056943341426176,0.0056943341426176,40
REALISTIC_BASELINE,RANDOM_FOREST,config_explosionApproval_A,1,0.0055857739244217,0.0055857739244217,0.0055857739244217,41
REALISTIC_BASELINE,RANDOM_FOREST,config_characteristic_PW,1,0.0053243226026636,0.0053243226026636,0.0053243226026636,42
REALISTIC_BASELINE,RANDOM_FOREST,config_numberOfChannels,1,0.0051926002268394,0.0051926002268394,0.0051926002268394,43
REALISTIC_BASELINE,RANDOM_FOREST,config_characteristic_WD,1,0.0050899959291687,0.0050899959291687,0.0050899959291687,44
REALISTIC_BASELINE,RANDOM_FOREST,config_characteristic_TE,1,0.0048731518195542,0.0048731518195542,0.0048731518195542,45
REALISTIC_BASELINE,RANDOM_FOREST,config_protectionArea_N,1,0.0047122534467965,0.0047122534467965,0.0047122534467965,46
REALISTIC_BASELINE,RANDOM_FOREST,config_protectionArea_2,1,0.0045883775955048,0.0045883775955048,0.0045883775955048,47
REALISTIC_BASELINE,RANDOM_FOREST,config_explosionApproval_N,1,0.0045067736767187,0.0045067736767187,0.0045067736767187,48
REALISTIC_BASELINE,RANDOM_FOREST,config_steamApplication_N,1,0.0037517959355046,0.0037517959355046,0.0037517959355046,49
REALISTIC_BASELINE,RANDOM_FOREST,config_characteristic_CA,1,0.003713089070639,0.003713089070639,0.003713089070639,50
REALISTIC_BASELINE,RANDOM_FOREST,config_dataInterface_MT,1,0.0032742325947031,0.0032742325947031,0.0032742325947031,51
REALISTIC_BASELINE,RANDOM_FOREST,config_binaerDigitalOpenColl_MN_MN2,1,0.0032395079926827,0.0032395079926827,0.0032395079926827,52
REALISTIC_BASELINE,RANDOM_FOREST,config_steamApplication_H,1,0.0028792316474457,0.0028792316474457,0.0028792316474457,53
REALISTIC_BASELINE,RANDOM_FOREST,config_certification_CN,1,0.0010260710868198,0.0010260710868198,0.0010260710868198,54
REALISTIC_BASELINE,RANDOM_FOREST,config_binaerOpenColl_MP_MP2,1,0.0010213354826974,0.0010213354826974,0.0010213354826974,55
REALISTIC_BASELINE,RANDOM_FOREST,config_binaerDigitalOpenColl_MN_MN4,1,0.0008128385545093,0.0008128385545093,0.0008128385545093,56
REALISTIC_BASELINE,RANDOM_FOREST,config_dataInterface_MR,1,0.0007608232040651,0.0007608232040651,0.0007608232040651,57
REALISTIC_BASELINE,RANDOM_FOREST,config_characteristic_VG,1,0.0004151745517303,0.0004151745517303,0.0004151745517303,58
REALISTIC_BASELINE,RANDOM_FOREST,config_stromEingaenge_IS2,1,0.0001817129075373,0.0001817129075373,0.0001817129075373,59
