regime,model,package,rfqs,top1,top3,top5,top10,mrr,ndcg5,candidate_rows,mean_candidates,median_candidates
REALISTIC_BASELINE,LOGISTIC_REGRESSION,G731ST-HT,86,0.8953488372093024,0.9883720930232558,1.0,1.0,0.9447674418604651,0.9590478440307565,324,3.7674418604651163,3.0
REALISTIC_BASELINE,LOGISTIC_REGRESSION,X731,444,0.8716216216216216,0.9977477477477478,1.0,1.0,0.9333708708708709,0.9506939053833732,1667,3.7545045045045047,3.0
REALISTIC_BASELINE,LOGISTIC_REGRESSION,G731CA,41,0.9024390243902439,1.0,1.0,1.0,0.9512195121951219,0.9639931466898983,56,1.3658536585365855,1.0
REALISTIC_BASELINE,LOGISTIC_REGRESSION,F731WD_SINGLECHANNEL,14,0.7857142857142857,1.0,1.0,1.0,0.8928571428571429,0.9209135186224552,20,1.4285714285714286,1.0
REALISTIC_BASELINE,LOGISTIC_REGRESSION,F731WD_DUALCHANNEL,24,0.9583333333333334,1.0,1.0,1.0,0.9791666666666666,0.9846220730654774,35,1.4583333333333333,1.0
REALISTIC_BASELINE,LOGISTIC_REGRESSION,F731PW,15,0.9333333333333333,1.0,1.0,1.0,0.9666666666666667,0.9753953169047639,17,1.1333333333333333,1.0
REALISTIC_BASELINE,LOGISTIC_REGRESSION,F731TE,24,0.9166666666666666,1.0,1.0,1.0,0.9583333333333334,0.9692441461309548,32,1.3333333333333333,1.0
REALISTIC_BASELINE,LOGISTIC_REGRESSION,G731ST-LT,79,0.8987341772151899,1.0,1.0,1.0,0.9493670886075949,0.962625797830021,316,4.0,4.0
REALISTIC_BASELINE,LOGISTIC_REGRESSION,G731VG,5,1.0,1.0,1.0,1.0,1.0,1.0,5,1.0,1.0
REALISTIC_BASELINE,RANDOM_FOREST,G731ST-HT,86,0.8372093023255814,1.0,1.0,1.0,0.9166666666666667,0.9383963580980109,324,3.7674418604651163,3.0
REALISTIC_BASELINE,RANDOM_FOREST,X731,444,0.9121621621621622,0.9977477477477478,1.0,1.0,0.9543918918918919,0.9662459863357532,1667,3.7545045045045047,3.0
REALISTIC_BASELINE,RANDOM_FOREST,G731CA,41,1.0,1.0,1.0,1.0,1.0,1.0,56,1.3658536585365855,1.0
REALISTIC_BASELINE,RANDOM_FOREST,F731WD_SINGLECHANNEL,14,0.9285714285714286,1.0,1.0,1.0,0.9642857142857143,0.9736378395408184,20,1.4285714285714286,1.0
REALISTIC_BASELINE,RANDOM_FOREST,F731WD_DUALCHANNEL,24,0.9583333333333334,1.0,1.0,1.0,0.9791666666666666,0.9846220730654774,35,1.4583333333333333,1.0
REALISTIC_BASELINE,RANDOM_FOREST,F731PW,15,0.9333333333333333,1.0,1.0,1.0,0.9666666666666667,0.9753953169047639,17,1.1333333333333333,1.0
REALISTIC_BASELINE,RANDOM_FOREST,F731TE,24,1.0,1.0,1.0,1.0,1.0,1.0,32,1.3333333333333333,1.0
REALISTIC_BASELINE,RANDOM_FOREST,G731ST-LT,79,0.8987341772151899,1.0,1.0,1.0,0.9493670886075949,0.962625797830021,316,4.0,4.0
REALISTIC_BASELINE,RANDOM_FOREST,G731VG,5,1.0,1.0,1.0,1.0,1.0,1.0,5,1.0,1.0
REALISTIC_BASELINE,HIST_GRADIENT_BOOSTING,G731ST-HT,86,0.8604651162790697,1.0,1.0,1.0,0.9282945736434108,0.9469793870847214,324,3.7674418604651163,3.0
REALISTIC_BASELINE,HIST_GRADIENT_BOOSTING,X731,444,0.9076576576576577,1.0,1.0,1.0,0.953078078078078,0.9653294152911865,1667,3.7545045045045047,3.0
REALISTIC_BASELINE,HIST_GRADIENT_BOOSTING,G731CA,41,1.0,1.0,1.0,1.0,1.0,1.0,56,1.3658536585365855,1.0
REALISTIC_BASELINE,HIST_GRADIENT_BOOSTING,F731WD_SINGLECHANNEL,14,0.9285714285714286,1.0,1.0,1.0,0.9642857142857143,0.9736378395408184,20,1.4285714285714286,1.0
REALISTIC_BASELINE,HIST_GRADIENT_BOOSTING,F731WD_DUALCHANNEL,24,0.9583333333333334,1.0,1.0,1.0,0.9791666666666666,0.9846220730654774,35,1.4583333333333333,1.0
REALISTIC_BASELINE,HIST_GRADIENT_BOOSTING,F731PW,15,0.9333333333333333,1.0,1.0,1.0,0.9666666666666667,0.9753953169047639,17,1.1333333333333333,1.0
REALISTIC_BASELINE,HIST_GRADIENT_BOOSTING,F731TE,24,1.0,1.0,1.0,1.0,1.0,1.0,32,1.3333333333333333,1.0
REALISTIC_BASELINE,HIST_GRADIENT_BOOSTING,G731ST-LT,79,0.9240506329113924,1.0,1.0,1.0,0.9620253164556962,0.9719693483725156,316,4.0,4.0
REALISTIC_BASELINE,HIST_GRADIENT_BOOSTING,G731VG,5,1.0,1.0,1.0,1.0,1.0,1.0,5,1.0,1.0
PROVENANCE_AWARE,LOGISTIC_REGRESSION,G731ST-HT,86,0.8953488372093024,0.9883720930232558,1.0,1.0,0.9447674418604651,0.9590478440307565,324,3.7674418604651163,3.0
PROVENANCE_AWARE,LOGISTIC_REGRESSION,X731,444,0.8828828828828829,1.0,1.0,1.0,0.9403153153153153,0.9558908962274806,1667,3.7545045045045047,3.0
PROVENANCE_AWARE,LOGISTIC_REGRESSION,G731CA,41,1.0,1.0,1.0,1.0,1.0,1.0,56,1.3658536585365855,1.0
PROVENANCE_AWARE,LOGISTIC_REGRESSION,F731WD_SINGLECHANNEL,14,1.0,1.0,1.0,1.0,1.0,1.0,20,1.4285714285714286,1.0
PROVENANCE_AWARE,LOGISTIC_REGRESSION,F731WD_DUALCHANNEL,24,0.9583333333333334,1.0,1.0,1.0,0.9791666666666666,0.9846220730654774,35,1.4583333333333333,1.0
PROVENANCE_AWARE,LOGISTIC_REGRESSION,F731PW,15,0.9333333333333333,1.0,1.0,1.0,0.9666666666666667,0.9753953169047639,17,1.1333333333333333,1.0
PROVENANCE_AWARE,LOGISTIC_REGRESSION,F731TE,24,1.0,1.0,1.0,1.0,1.0,1.0,32,1.3333333333333333,1.0
PROVENANCE_AWARE,LOGISTIC_REGRESSION,G731ST-LT,79,0.8987341772151899,1.0,1.0,1.0,0.9493670886075949,0.962625797830021,316,4.0,4.0
PROVENANCE_AWARE,LOGISTIC_REGRESSION,G731VG,5,1.0,1.0,1.0,1.0,1.0,1.0,5,1.0,1.0
PROVENANCE_AWARE,RANDOM_FOREST,G731ST-HT,86,0.8604651162790697,0.9883720930232558,1.0,1.0,0.9273255813953488,0.946173300550691,324,3.7674418604651163,3.0
PROVENANCE_AWARE,RANDOM_FOREST,X731,444,0.9099099099099099,0.9977477477477478,1.0,1.0,0.9532657657657657,0.9654147470419951,1667,3.7545045045045047,3.0
PROVENANCE_AWARE,RANDOM_FOREST,G731CA,41,1.0,1.0,1.0,1.0,1.0,1.0,56,1.3658536585365855,1.0
PROVENANCE_AWARE,RANDOM_FOREST,F731WD_SINGLECHANNEL,14,1.0,1.0,1.0,1.0,1.0,1.0,20,1.4285714285714286,1.0
PROVENANCE_AWARE,RANDOM_FOREST,F731WD_DUALCHANNEL,24,0.9583333333333334,1.0,1.0,1.0,0.9791666666666666,0.9846220730654774,35,1.4583333333333333,1.0
PROVENANCE_AWARE,RANDOM_FOREST,F731PW,15,0.9333333333333333,1.0,1.0,1.0,0.9666666666666667,0.9753953169047639,17,1.1333333333333333,1.0
PROVENANCE_AWARE,RANDOM_FOREST,F731TE,24,1.0,1.0,1.0,1.0,1.0,1.0,32,1.3333333333333333,1.0
PROVENANCE_AWARE,RANDOM_FOREST,G731ST-LT,79,0.8734177215189873,1.0,1.0,1.0,0.9367088607594937,0.9532822472875261,316,4.0,4.0
PROVENANCE_AWARE,RANDOM_FOREST,G731VG,5,1.0,1.0,1.0,1.0,1.0,1.0,5,1.0,1.0
PROVENANCE_AWARE,HIST_GRADIENT_BOOSTING,G731ST-HT,86,0.8953488372093024,1.0,1.0,1.0,0.945736434108527,0.9598539305647867,324,3.7674418604651163,3.0
PROVENANCE_AWARE,HIST_GRADIENT_BOOSTING,X731,444,0.9099099099099099,1.0,1.0,1.0,0.9542042042042042,0.9661606545849445,1667,3.7545045045045047,3.0
PROVENANCE_AWARE,HIST_GRADIENT_BOOSTING,G731CA,41,1.0,1.0,1.0,1.0,1.0,1.0,56,1.3658536585365855,1.0
PROVENANCE_AWARE,HIST_GRADIENT_BOOSTING,F731WD_SINGLECHANNEL,14,1.0,1.0,1.0,1.0,1.0,1.0,20,1.4285714285714286,1.0
PROVENANCE_AWARE,HIST_GRADIENT_BOOSTING,F731WD_DUALCHANNEL,24,0.9583333333333334,1.0,1.0,1.0,0.9791666666666666,0.9846220730654774,35,1.4583333333333333,1.0
PROVENANCE_AWARE,HIST_GRADIENT_BOOSTING,F731PW,15,0.9333333333333333,1.0,1.0,1.0,0.9666666666666667,0.9753953169047639,17,1.1333333333333333,1.0
PROVENANCE_AWARE,HIST_GRADIENT_BOOSTING,F731TE,24,1.0,1.0,1.0,1.0,1.0,1.0,32,1.3333333333333333,1.0
PROVENANCE_AWARE,HIST_GRADIENT_BOOSTING,G731ST-LT,79,0.9240506329113924,1.0,1.0,1.0,0.9620253164556962,0.9719693483725156,316,4.0,4.0
PROVENANCE_AWARE,HIST_GRADIENT_BOOSTING,G731VG,5,1.0,1.0,1.0,1.0,1.0,1.0,5,1.0,1.0
MECHANISTIC_UPPER_BOUND,LOGISTIC_REGRESSION,G731ST-HT,86,0.8953488372093024,0.9883720930232558,1.0,1.0,0.9447674418604651,0.9590478440307565,324,3.7674418604651163,3.0
MECHANISTIC_UPPER_BOUND,LOGISTIC_REGRESSION,X731,444,0.8828828828828829,1.0,1.0,1.0,0.9403153153153153,0.9558908962274806,1667,3.7545045045045047,3.0
MECHANISTIC_UPPER_BOUND,LOGISTIC_REGRESSION,G731CA,41,1.0,1.0,1.0,1.0,1.0,1.0,56,1.3658536585365855,1.0
MECHANISTIC_UPPER_BOUND,LOGISTIC_REGRESSION,F731WD_SINGLECHANNEL,14,1.0,1.0,1.0,1.0,1.0,1.0,20,1.4285714285714286,1.0
MECHANISTIC_UPPER_BOUND,LOGISTIC_REGRESSION,F731WD_DUALCHANNEL,24,0.9583333333333334,1.0,1.0,1.0,0.9791666666666666,0.9846220730654774,35,1.4583333333333333,1.0
MECHANISTIC_UPPER_BOUND,LOGISTIC_REGRESSION,F731PW,15,0.9333333333333333,1.0,1.0,1.0,0.9666666666666667,0.9753953169047639,17,1.1333333333333333,1.0
MECHANISTIC_UPPER_BOUND,LOGISTIC_REGRESSION,F731TE,24,1.0,1.0,1.0,1.0,1.0,1.0,32,1.3333333333333333,1.0
MECHANISTIC_UPPER_BOUND,LOGISTIC_REGRESSION,G731ST-LT,79,0.8987341772151899,1.0,1.0,1.0,0.9493670886075949,0.962625797830021,316,4.0,4.0
MECHANISTIC_UPPER_BOUND,LOGISTIC_REGRESSION,G731VG,5,1.0,1.0,1.0,1.0,1.0,1.0,5,1.0,1.0
MECHANISTIC_UPPER_BOUND,RANDOM_FOREST,G731ST-HT,86,0.8488372093023255,1.0,1.0,1.0,0.9224806201550388,0.9426878725913662,324,3.7674418604651163,3.0
MECHANISTIC_UPPER_BOUND,RANDOM_FOREST,X731,444,0.9166666666666666,0.9977477477477478,1.0,1.0,0.9570195195195195,0.9682033517556373,1667,3.7545045045045047,3.0
MECHANISTIC_UPPER_BOUND,RANDOM_FOREST,G731CA,41,1.0,1.0,1.0,1.0,1.0,1.0,56,1.3658536585365855,1.0
MECHANISTIC_UPPER_BOUND,RANDOM_FOREST,F731WD_SINGLECHANNEL,14,1.0,1.0,1.0,1.0,1.0,1.0,20,1.4285714285714286,1.0
MECHANISTIC_UPPER_BOUND,RANDOM_FOREST,F731WD_DUALCHANNEL,24,0.9583333333333334,1.0,1.0,1.0,0.9791666666666666,0.9846220730654774,35,1.4583333333333333,1.0
MECHANISTIC_UPPER_BOUND,RANDOM_FOREST,F731PW,15,0.9333333333333333,1.0,1.0,1.0,0.9666666666666667,0.9753953169047639,17,1.1333333333333333,1.0
MECHANISTIC_UPPER_BOUND,RANDOM_FOREST,F731TE,24,1.0,1.0,1.0,1.0,1.0,1.0,32,1.3333333333333333,1.0
MECHANISTIC_UPPER_BOUND,RANDOM_FOREST,G731ST-LT,79,0.8987341772151899,1.0,1.0,1.0,0.9493670886075949,0.962625797830021,316,4.0,4.0
MECHANISTIC_UPPER_BOUND,RANDOM_FOREST,G731VG,5,1.0,1.0,1.0,1.0,1.0,1.0,5,1.0,1.0
MECHANISTIC_UPPER_BOUND,HIST_GRADIENT_BOOSTING,G731ST-HT,86,0.872093023255814,0.9883720930232558,1.0,1.0,0.9331395348837209,0.9504648150440461,324,3.7674418604651163,3.0
MECHANISTIC_UPPER_BOUND,HIST_GRADIENT_BOOSTING,X731,444,0.918918918918919,1.0,1.0,1.0,0.9590840840840842,0.9697804985923446,1667,3.7545045045045047,3.0
MECHANISTIC_UPPER_BOUND,HIST_GRADIENT_BOOSTING,G731CA,41,1.0,1.0,1.0,1.0,1.0,1.0,56,1.3658536585365855,1.0
MECHANISTIC_UPPER_BOUND,HIST_GRADIENT_BOOSTING,F731WD_SINGLECHANNEL,14,1.0,1.0,1.0,1.0,1.0,1.0,20,1.4285714285714286,1.0
MECHANISTIC_UPPER_BOUND,HIST_GRADIENT_BOOSTING,F731WD_DUALCHANNEL,24,0.9166666666666666,1.0,1.0,1.0,0.9583333333333334,0.9692441461309548,35,1.4583333333333333,1.0
MECHANISTIC_UPPER_BOUND,HIST_GRADIENT_BOOSTING,F731PW,15,0.9333333333333333,1.0,1.0,1.0,0.9666666666666667,0.9753953169047639,17,1.1333333333333333,1.0
MECHANISTIC_UPPER_BOUND,HIST_GRADIENT_BOOSTING,F731TE,24,1.0,1.0,1.0,1.0,1.0,1.0,32,1.3333333333333333,1.0
MECHANISTIC_UPPER_BOUND,HIST_GRADIENT_BOOSTING,G731ST-LT,79,0.9113924050632911,1.0,1.0,1.0,0.9556962025316456,0.9672975731012683,316,4.0,4.0
MECHANISTIC_UPPER_BOUND,HIST_GRADIENT_BOOSTING,G731VG,5,1.0,1.0,1.0,1.0,1.0,1.0,5,1.0,1.0
