package,count,probability,percentage
"in {NOVALUE, 'x731'}",696,0.6590909090909091,65.9090909090909
"in {NOVALUE, 'G731ST-LT'}",133,0.1259469696969697,12.594696969696969
"in {NOVALUE, 'G731ST-HT'}",133,0.1259469696969697,12.594696969696969
"in {NOVALUE, 'F731TE'}",26,0.02462121212121212,2.462121212121212
"in {NOVALUE, 'G731CA'}",24,0.022727272727272728,2.272727272727273
"in {NOVALUE, 'F731PW'}",20,0.01893939393939394,1.893939393939394
"in {NOVALUE, 'F731WD_DualChannel'}",12,0.011363636363636364,1.1363636363636365
"in {NOVALUE, 'F731WD_SingleChannel'}",8,0.007575757575757576,0.7575757575757576
"in {NOVALUE, 'G731VG'}",4,0.003787878787878788,0.3787878787878788
