regime,model,feature,importance,rank,abs_importance
MECHANISTIC_UPPER_BOUND,HIST_GRADIENT_BOOSTING,DIFF__nearest_real_distance,-0.0304,41,0.0304
MECHANISTIC_UPPER_BOUND,HIST_GRADIENT_BOOSTING,DIFF__low_change_score,-0.0292,40,0.0292
MECHANISTIC_UPPER_BOUND,HIST_GRADIENT_BOOSTING,DIFF__source_frequency,-0.0194,39,0.0194
MECHANISTIC_UPPER_BOUND,HIST_GRADIENT_BOOSTING,CATDIFF__config_binaerDigitalOpenColl_MN__MN1,0.0135999999999999,1,0.0135999999999999
MECHANISTIC_UPPER_BOUND,HIST_GRADIENT_BOOSTING,CATDIFF__config_binaerOpenColl_MP__NOVALUE,0.0134,2,0.0134
MECHANISTIC_UPPER_BOUND,HIST_GRADIENT_BOOSTING,DIFF__num_changed_characteristics,-0.0118666666666666,38,0.0118666666666666
MECHANISTIC_UPPER_BOUND,HIST_GRADIENT_BOOSTING,CATDIFF__evidence_level__MODERATE,-0.0089333333333333,37,0.0089333333333333
MECHANISTIC_UPPER_BOUND,HIST_GRADIENT_BOOSTING,CATDIFF__config_stromEingaenge__IS1,0.0083999999999999,3,0.0083999999999999
MECHANISTIC_UPPER_BOUND,HIST_GRADIENT_BOOSTING,DIFF__evidence_score,-0.007,36,0.007
MECHANISTIC_UPPER_BOUND,HIST_GRADIENT_BOOSTING,CATDIFF__config_temperaturEingaenge__NOVALUE,-0.0046,35,0.0046
MECHANISTIC_UPPER_BOUND,HIST_GRADIENT_BOOSTING,CATDIFF__config_dev_advMeterVerification__1,0.0021333333333333,4,0.0021333333333333
MECHANISTIC_UPPER_BOUND,HIST_GRADIENT_BOOSTING,DIFF__real_proximity_score,-0.0018666666666667,34,0.0018666666666667
MECHANISTIC_UPPER_BOUND,HIST_GRADIENT_BOOSTING,CATDIFF__config_customUserFluid__1,0.0016666666666666,5,0.0016666666666666
MECHANISTIC_UPPER_BOUND,HIST_GRADIENT_BOOSTING,CATDIFF__config_dev_advMeterVerification__NOVALUE,0.0013999999999999,6,0.0013999999999999
MECHANISTIC_UPPER_BOUND,HIST_GRADIENT_BOOSTING,CATDIFF__config_stromSchaltbar__CS1,0.0012666666666666,7,0.0012666666666666
MECHANISTIC_UPPER_BOUND,HIST_GRADIENT_BOOSTING,CATDIFF__config_temperaturEingaenge__TT1,-0.001,33,0.001
MECHANISTIC_UPPER_BOUND,HIST_GRADIENT_BOOSTING,CATDIFF__config_stromSchaltbar__NOVALUE,0.0007333333333332,8,0.0007333333333332
MECHANISTIC_UPPER_BOUND,HIST_GRADIENT_BOOSTING,CATDIFF__config_dynamicGasMaster__NOVALUE,0.0006,9,0.0006
MECHANISTIC_UPPER_BOUND,HIST_GRADIENT_BOOSTING,CATDIFF__config_dynamicGasMaster__1,0.0006,10,0.0006
MECHANISTIC_UPPER_BOUND,HIST_GRADIENT_BOOSTING,CATDIFF__config_binaerOpenColl_MP__MP1,-0.0004666666666666,32,0.0004666666666666
MECHANISTIC_UPPER_BOUND,HIST_GRADIENT_BOOSTING,CATDIFF__config_customUserFluid__NOVALUE,0.0003333333333332,11,0.0003333333333332
MECHANISTIC_UPPER_BOUND,HIST_GRADIENT_BOOSTING,CATDIFF__config_stromEingaenge__NOVALUE,0.0001333333333333,12,0.0001333333333333
MECHANISTIC_UPPER_BOUND,HIST_GRADIENT_BOOSTING,CATDIFF__config_stromSchaltbar__CS2,6.666666666665932e-05,13,6.666666666665932e-05
MECHANISTIC_UPPER_BOUND,HIST_GRADIENT_BOOSTING,CATDIFF__generation_method__ONE_CHARACTERISTIC,0.0,14,0.0
MECHANISTIC_UPPER_BOUND,HIST_GRADIENT_BOOSTING,CATDIFF__record_type__DERIVED,0.0,15,0.0
MECHANISTIC_UPPER_BOUND,HIST_GRADIENT_BOOSTING,DIFF__evidence_score_normalized,0.0,16,0.0
MECHANISTIC_UPPER_BOUND,HIST_GRADIENT_BOOSTING,DIFF__observed_configuration_score,0.0,17,0.0
MECHANISTIC_UPPER_BOUND,HIST_GRADIENT_BOOSTING,DIFF__source_frequency_score,0.0,18,0.0
MECHANISTIC_UPPER_BOUND,HIST_GRADIENT_BOOSTING,CATDIFF__generation_method__REAL_OBSERVED,0.0,19,0.0
MECHANISTIC_UPPER_BOUND,HIST_GRADIENT_BOOSTING,CATDIFF__generation_method__TWO_CHARACTERISTIC,0.0,20,0.0
MECHANISTIC_UPPER_BOUND,LOGISTIC_REGRESSION,CATDIFF__generation_method__DEPENDENCY_TWO_CHARACTERISTIC,8.729980064558642,1,8.729980064558642
MECHANISTIC_UPPER_BOUND,LOGISTIC_REGRESSION,CATDIFF__generation_method__ONE_CHARACTERISTIC,8.560699037153851,2,8.560699037153851
MECHANISTIC_UPPER_BOUND,LOGISTIC_REGRESSION,DIFF__num_changed_characteristics,8.058595087575306,3,8.058595087575306
MECHANISTIC_UPPER_BOUND,LOGISTIC_REGRESSION,DIFF__source_frequency,5.685990497402913,4,5.685990497402913
MECHANISTIC_UPPER_BOUND,LOGISTIC_REGRESSION,DIFF__evidence_score,4.721763294150296,5,4.721763294150296
MECHANISTIC_UPPER_BOUND,LOGISTIC_REGRESSION,DIFF__low_change_score,4.029297543787653,6,4.029297543787653
MECHANISTIC_UPPER_BOUND,LOGISTIC_REGRESSION,CATDIFF__evidence_level__LOW,2.0299218267581782,7,2.0299218267581782
MECHANISTIC_UPPER_BOUND,LOGISTIC_REGRESSION,CATDIFF__evidence_level__STRONG,1.8672589890102245,8,1.8672589890102245
MECHANISTIC_UPPER_BOUND,LOGISTIC_REGRESSION,DIFF__source_frequency_score,0.8122843567718441,9,0.8122843567718441
MECHANISTIC_UPPER_BOUND,LOGISTIC_REGRESSION,DIFF__nearest_real_distance,0.6993929301832852,10,0.6993929301832852
MECHANISTIC_UPPER_BOUND,LOGISTIC_REGRESSION,CATDIFF__evidence_level__MODERATE,0.5829958399420011,11,0.5829958399420011
MECHANISTIC_UPPER_BOUND,LOGISTIC_REGRESSION,CATDIFF__generation_method__TWO_CHARACTERISTIC,0.4203330021940561,12,0.4203330021940561
MECHANISTIC_UPPER_BOUND,LOGISTIC_REGRESSION,DIFF__real_proximity_score,0.3496964650916426,13,0.3496964650916426
MECHANISTIC_UPPER_BOUND,LOGISTIC_REGRESSION,CATDIFF__generation_method__REAL_OBSERVED,0.2510519747892731,14,0.2510519747892731
MECHANISTIC_UPPER_BOUND,LOGISTIC_REGRESSION,DIFF__observed_configuration_score,0.2510519747892731,15,0.2510519747892731
MECHANISTIC_UPPER_BOUND,LOGISTIC_REGRESSION,CATDIFF__record_type__DERIVED,0.2510519747892731,16,0.2510519747892731
MECHANISTIC_UPPER_BOUND,LOGISTIC_REGRESSION,CATDIFF__record_type__OBSERVED,0.2510519747892731,17,0.2510519747892731
MECHANISTIC_UPPER_BOUND,LOGISTIC_REGRESSION,CATDIFF__evidence_level__OBSERVED,0.2510519747892731,18,0.2510519747892731
MECHANISTIC_UPPER_BOUND,LOGISTIC_REGRESSION,CATDIFF__config_binaerOpenColl_MP__MP4,0.1699024267180192,19,0.1699024267180192
MECHANISTIC_UPPER_BOUND,LOGISTIC_REGRESSION,CATDIFF__evidence_level__VERY_STRONG,0.1692810274047889,20,0.1692810274047889
MECHANISTIC_UPPER_BOUND,LOGISTIC_REGRESSION,CATDIFF__config_stromSchaltbar__CS1,0.1555210101398611,21,0.1555210101398611
MECHANISTIC_UPPER_BOUND,LOGISTIC_REGRESSION,CATDIFF__config_stromSchaltbar__CS2,0.1404891740518364,22,0.1404891740518364
MECHANISTIC_UPPER_BOUND,LOGISTIC_REGRESSION,CATDIFF__config_binaerOpenColl_MP__MP2,0.1387229570596202,23,0.1387229570596202
MECHANISTIC_UPPER_BOUND,LOGISTIC_REGRESSION,CATDIFF__config_binaerDigitalOpenColl_MN__MN2,0.1380188182198236,24,0.1380188182198236
MECHANISTIC_UPPER_BOUND,LOGISTIC_REGRESSION,CATDIFF__config_binaerDigitalOpenColl_MN__NOVALUE,0.1258429812945748,25,0.1258429812945748
MECHANISTIC_UPPER_BOUND,LOGISTIC_REGRESSION,CATDIFF__config_binaerOpenColl_MP__NOVALUE,0.1139799197810932,26,0.1139799197810932
MECHANISTIC_UPPER_BOUND,LOGISTIC_REGRESSION,CATDIFF__config_customUserFluid__NOVALUE,0.1037350283043708,27,0.1037350283043708
MECHANISTIC_UPPER_BOUND,LOGISTIC_REGRESSION,CATDIFF__config_customUserFluid__1,0.1037350283043708,28,0.1037350283043708
MECHANISTIC_UPPER_BOUND,LOGISTIC_REGRESSION,DIFF__evidence_score_normalized,0.0867971193777649,29,0.0867971193777649
MECHANISTIC_UPPER_BOUND,LOGISTIC_REGRESSION,CATDIFF__config_binaerOpenColl_MP__MP1,0.0828004501226945,30,0.0828004501226945
MECHANISTIC_UPPER_BOUND,RANDOM_FOREST,DIFF__evidence_score,0.1826239678125093,1,0.1826239678125093
MECHANISTIC_UPPER_BOUND,RANDOM_FOREST,DIFF__evidence_score_normalized,0.1641159387275458,2,0.1641159387275458
MECHANISTIC_UPPER_BOUND,RANDOM_FOREST,DIFF__source_frequency,0.0972562581539299,3,0.0972562581539299
MECHANISTIC_UPPER_BOUND,RANDOM_FOREST,DIFF__source_frequency_score,0.0958901909486933,4,0.0958901909486933
MECHANISTIC_UPPER_BOUND,RANDOM_FOREST,DIFF__real_proximity_score,0.0883531715243244,5,0.0883531715243244
MECHANISTIC_UPPER_BOUND,RANDOM_FOREST,DIFF__nearest_real_distance,0.0742231408935557,6,0.0742231408935557
MECHANISTIC_UPPER_BOUND,RANDOM_FOREST,DIFF__low_change_score,0.0673757947684584,7,0.0673757947684584
MECHANISTIC_UPPER_BOUND,RANDOM_FOREST,DIFF__num_changed_characteristics,0.0632783571039286,8,0.0632783571039286
MECHANISTIC_UPPER_BOUND,RANDOM_FOREST,CATDIFF__evidence_level__OBSERVED,0.0188668763148201,9,0.0188668763148201
MECHANISTIC_UPPER_BOUND,RANDOM_FOREST,CATDIFF__generation_method__ONE_CHARACTERISTIC,0.0186554502614755,10,0.0186554502614755
MECHANISTIC_UPPER_BOUND,RANDOM_FOREST,DIFF__observed_configuration_score,0.0180063698326628,11,0.0180063698326628
MECHANISTIC_UPPER_BOUND,RANDOM_FOREST,CATDIFF__record_type__OBSERVED,0.0161198639071256,12,0.0161198639071256
MECHANISTIC_UPPER_BOUND,RANDOM_FOREST,CATDIFF__generation_method__REAL_OBSERVED,0.0152482191244786,13,0.0152482191244786
MECHANISTIC_UPPER_BOUND,RANDOM_FOREST,CATDIFF__record_type__DERIVED,0.0137393859613197,14,0.0137393859613197
MECHANISTIC_UPPER_BOUND,RANDOM_FOREST,CATDIFF__generation_method__TWO_CHARACTERISTIC,0.0129895963305228,15,0.0129895963305228
MECHANISTIC_UPPER_BOUND,RANDOM_FOREST,CATDIFF__generation_method__DEPENDENCY_TWO_CHARACTERISTIC,0.0116852365433676,16,0.0116852365433676
MECHANISTIC_UPPER_BOUND,RANDOM_FOREST,CATDIFF__evidence_level__LOW,0.007290626071871,17,0.007290626071871
MECHANISTIC_UPPER_BOUND,RANDOM_FOREST,CATDIFF__evidence_level__VERY_STRONG,0.0064589437961299,18,0.0064589437961299
MECHANISTIC_UPPER_BOUND,RANDOM_FOREST,CATDIFF__evidence_level__MODERATE,0.0044816390061889,19,0.0044816390061889
MECHANISTIC_UPPER_BOUND,RANDOM_FOREST,CATDIFF__config_temperaturEingaenge__NOVALUE,0.0039267376448841,20,0.0039267376448841
MECHANISTIC_UPPER_BOUND,RANDOM_FOREST,CATDIFF__config_temperaturEingaenge__TT1,0.0032965015413292,21,0.0032965015413292
MECHANISTIC_UPPER_BOUND,RANDOM_FOREST,CATDIFF__config_stromEingaenge__NOVALUE,0.0028034833473227,22,0.0028034833473227
MECHANISTIC_UPPER_BOUND,RANDOM_FOREST,CATDIFF__config_stromEingaenge__IS1,0.0027549917774824,23,0.0027549917774824
MECHANISTIC_UPPER_BOUND,RANDOM_FOREST,CATDIFF__config_stromSchaltbar__CS1,0.0024258538921572,24,0.0024258538921572
MECHANISTIC_UPPER_BOUND,RANDOM_FOREST,CATDIFF__config_stromSchaltbar__NOVALUE,0.0020642826067727,25,0.0020642826067727
MECHANISTIC_UPPER_BOUND,RANDOM_FOREST,CATDIFF__config_dynamicGasMaster__1,0.001064835238487,26,0.001064835238487
MECHANISTIC_UPPER_BOUND,RANDOM_FOREST,CATDIFF__config_dynamicGasMaster__NOVALUE,0.0007911804831452,27,0.0007911804831452
MECHANISTIC_UPPER_BOUND,RANDOM_FOREST,CATDIFF__config_dev_advMeterVerification__NOVALUE,0.0006798390055494,28,0.0006798390055494
MECHANISTIC_UPPER_BOUND,RANDOM_FOREST,CATDIFF__config_dev_advMeterVerification__1,0.0006611272608514,29,0.0006611272608514
MECHANISTIC_UPPER_BOUND,RANDOM_FOREST,CATDIFF__config_customUserFluid__NOVALUE,0.0005404430496556,30,0.0005404430496556
PROVENANCE_AWARE,HIST_GRADIENT_BOOSTING,DIFF__nearest_real_distance,-0.0304,36,0.0304
PROVENANCE_AWARE,HIST_GRADIENT_BOOSTING,DIFF__source_frequency,-0.0194,35,0.0194
PROVENANCE_AWARE,HIST_GRADIENT_BOOSTING,CATDIFF__config_binaerDigitalOpenColl_MN__MN1,0.0135999999999999,1,0.0135999999999999
PROVENANCE_AWARE,HIST_GRADIENT_BOOSTING,CATDIFF__config_binaerOpenColl_MP__NOVALUE,0.0134,2,0.0134
PROVENANCE_AWARE,HIST_GRADIENT_BOOSTING,DIFF__num_changed_characteristics,-0.0118666666666666,34,0.0118666666666666
PROVENANCE_AWARE,HIST_GRADIENT_BOOSTING,CATDIFF__evidence_level__MODERATE,-0.0089333333333333,33,0.0089333333333333
PROVENANCE_AWARE,HIST_GRADIENT_BOOSTING,CATDIFF__config_stromEingaenge__IS1,0.0083999999999999,3,0.0083999999999999
PROVENANCE_AWARE,HIST_GRADIENT_BOOSTING,DIFF__evidence_score,-0.007,32,0.007
PROVENANCE_AWARE,HIST_GRADIENT_BOOSTING,CATDIFF__config_temperaturEingaenge__NOVALUE,-0.0046,31,0.0046
PROVENANCE_AWARE,HIST_GRADIENT_BOOSTING,CATDIFF__config_dev_advMeterVerification__1,0.0021333333333333,4,0.0021333333333333
PROVENANCE_AWARE,HIST_GRADIENT_BOOSTING,CATDIFF__generation_method__ONE_CHARACTERISTIC,-0.0017333333333333,30,0.0017333333333333
PROVENANCE_AWARE,HIST_GRADIENT_BOOSTING,CATDIFF__config_customUserFluid__1,0.0016666666666666,5,0.0016666666666666
PROVENANCE_AWARE,HIST_GRADIENT_BOOSTING,CATDIFF__config_dev_advMeterVerification__NOVALUE,0.0013999999999999,6,0.0013999999999999
PROVENANCE_AWARE,HIST_GRADIENT_BOOSTING,CATDIFF__config_stromSchaltbar__CS1,0.0012666666666666,7,0.0012666666666666
PROVENANCE_AWARE,HIST_GRADIENT_BOOSTING,CATDIFF__config_temperaturEingaenge__TT1,-0.001,29,0.001
PROVENANCE_AWARE,HIST_GRADIENT_BOOSTING,CATDIFF__config_stromSchaltbar__NOVALUE,0.0007333333333332,8,0.0007333333333332
PROVENANCE_AWARE,HIST_GRADIENT_BOOSTING,CATDIFF__config_dynamicGasMaster__NOVALUE,0.0006,9,0.0006
PROVENANCE_AWARE,HIST_GRADIENT_BOOSTING,CATDIFF__config_dynamicGasMaster__1,0.0006,10,0.0006
PROVENANCE_AWARE,HIST_GRADIENT_BOOSTING,CATDIFF__config_binaerOpenColl_MP__MP1,-0.0004666666666666,28,0.0004666666666666
PROVENANCE_AWARE,HIST_GRADIENT_BOOSTING,CATDIFF__config_customUserFluid__NOVALUE,0.0003333333333332,11,0.0003333333333332
PROVENANCE_AWARE,HIST_GRADIENT_BOOSTING,CATDIFF__config_stromEingaenge__NOVALUE,0.0001333333333333,12,0.0001333333333333
PROVENANCE_AWARE,HIST_GRADIENT_BOOSTING,CATDIFF__config_stromSchaltbar__CS2,6.666666666665932e-05,13,6.666666666665932e-05
PROVENANCE_AWARE,HIST_GRADIENT_BOOSTING,CATDIFF__generation_method__TWO_CHARACTERISTIC,0.0,14,0.0
PROVENANCE_AWARE,HIST_GRADIENT_BOOSTING,CATDIFF__evidence_level__LOW,0.0,15,0.0
PROVENANCE_AWARE,HIST_GRADIENT_BOOSTING,CATDIFF__config_binaerOpenColl_MP__MP2,0.0,16,0.0
PROVENANCE_AWARE,HIST_GRADIENT_BOOSTING,CATDIFF__generation_method__REAL_OBSERVED,0.0,17,0.0
PROVENANCE_AWARE,HIST_GRADIENT_BOOSTING,CATDIFF__config_binaerOpenColl_MP__MP4,0.0,18,0.0
PROVENANCE_AWARE,HIST_GRADIENT_BOOSTING,CATDIFF__config_binaerDigitalOpenColl_MN__MN2,0.0,19,0.0
PROVENANCE_AWARE,HIST_GRADIENT_BOOSTING,CATDIFF__config_binaerDigitalOpenColl_MN__NOVALUE,0.0,20,0.0
PROVENANCE_AWARE,HIST_GRADIENT_BOOSTING,CATDIFF__evidence_level__VERY_STRONG,0.0,21,0.0
PROVENANCE_AWARE,LOGISTIC_REGRESSION,CATDIFF__generation_method__DEPENDENCY_TWO_CHARACTERISTIC,9.383415265462832,1,9.383415265462832
PROVENANCE_AWARE,LOGISTIC_REGRESSION,CATDIFF__generation_method__ONE_CHARACTERISTIC,9.042248304105357,2,9.042248304105357
PROVENANCE_AWARE,LOGISTIC_REGRESSION,DIFF__num_changed_characteristics,8.89987853445677,3,8.89987853445677
PROVENANCE_AWARE,LOGISTIC_REGRESSION,DIFF__source_frequency,5.926775238654722,4,5.926775238654722
PROVENANCE_AWARE,LOGISTIC_REGRESSION,DIFF__evidence_score,4.72686364202665,5,4.72686364202665
PROVENANCE_AWARE,LOGISTIC_REGRESSION,CATDIFF__evidence_level__LOW,2.096504658730478,6,2.096504658730478
PROVENANCE_AWARE,LOGISTIC_REGRESSION,CATDIFF__evidence_level__STRONG,1.8861854406252705,7,1.8861854406252705
PROVENANCE_AWARE,LOGISTIC_REGRESSION,CATDIFF__evidence_level__MODERATE,0.6226710642869676,8,0.6226710642869676
PROVENANCE_AWARE,LOGISTIC_REGRESSION,DIFF__nearest_real_distance,0.4644369418961724,9,0.4644369418961724
PROVENANCE_AWARE,LOGISTIC_REGRESSION,CATDIFF__generation_method__TWO_CHARACTERISTIC,0.4123518461817712,10,0.4123518461817712
PROVENANCE_AWARE,LOGISTIC_REGRESSION,CATDIFF__evidence_level__VERY_STRONG,0.341166961357487,11,0.341166961357487
PROVENANCE_AWARE,LOGISTIC_REGRESSION,CATDIFF__config_binaerOpenColl_MP__MP4,0.2251091036743236,12,0.2251091036743236
PROVENANCE_AWARE,LOGISTIC_REGRESSION,CATDIFF__config_stromSchaltbar__CS2,0.2221286119786404,13,0.2221286119786404
PROVENANCE_AWARE,LOGISTIC_REGRESSION,CATDIFF__config_stromSchaltbar__CS1,0.2004922308503465,14,0.2004922308503465
PROVENANCE_AWARE,LOGISTIC_REGRESSION,CATDIFF__config_binaerOpenColl_MP__MP2,0.1536760122714293,15,0.1536760122714293
PROVENANCE_AWARE,LOGISTIC_REGRESSION,CATDIFF__config_binaerDigitalOpenColl_MN__MN2,0.1529863588068595,16,0.1529863588068595
PROVENANCE_AWARE,LOGISTIC_REGRESSION,CATDIFF__config_binaerDigitalOpenColl_MN__NOVALUE,0.1475082929469829,17,0.1475082929469829
PROVENANCE_AWARE,LOGISTIC_REGRESSION,CATDIFF__config_binaerOpenColl_MP__NOVALUE,0.1362449989606969,18,0.1362449989606969
PROVENANCE_AWARE,LOGISTIC_REGRESSION,CATDIFF__config_customUserFluid__1,0.1051720389662225,19,0.1051720389662225
PROVENANCE_AWARE,LOGISTIC_REGRESSION,CATDIFF__config_customUserFluid__NOVALUE,0.1051720389662225,20,0.1051720389662225
PROVENANCE_AWARE,LOGISTIC_REGRESSION,CATDIFF__evidence_level__OBSERVED,0.0711848848242842,21,0.0711848848242842
PROVENANCE_AWARE,LOGISTIC_REGRESSION,CATDIFF__record_type__DERIVED,0.0711848848242842,22,0.0711848848242842
PROVENANCE_AWARE,LOGISTIC_REGRESSION,CATDIFF__generation_method__REAL_OBSERVED,0.0711848848242842,23,0.0711848848242842
PROVENANCE_AWARE,LOGISTIC_REGRESSION,CATDIFF__record_type__OBSERVED,0.0711848848242842,24,0.0711848848242842
PROVENANCE_AWARE,LOGISTIC_REGRESSION,CATDIFF__config_dynamicGasMaster__NOVALUE,0.0660744387983873,25,0.0660744387983873
PROVENANCE_AWARE,LOGISTIC_REGRESSION,CATDIFF__config_dynamicGasMaster__1,0.0660744387983873,26,0.0660744387983873
PROVENANCE_AWARE,LOGISTIC_REGRESSION,CATDIFF__config_binaerOpenColl_MP__MP1,0.0648119075578002,27,0.0648119075578002
PROVENANCE_AWARE,LOGISTIC_REGRESSION,CATDIFF__config_temperaturEingaenge__NOVALUE,0.0553129959611615,28,0.0553129959611615
PROVENANCE_AWARE,LOGISTIC_REGRESSION,CATDIFF__config_temperaturEingaenge__TT1,0.0553129959611615,29,0.0553129959611615
PROVENANCE_AWARE,LOGISTIC_REGRESSION,CATDIFF__config_dev_advMeterVerification__1,0.0485031107582744,30,0.0485031107582744
PROVENANCE_AWARE,RANDOM_FOREST,DIFF__evidence_score,0.2380694049335624,1,0.2380694049335624
PROVENANCE_AWARE,RANDOM_FOREST,DIFF__source_frequency,0.1720862466426043,2,0.1720862466426043
PROVENANCE_AWARE,RANDOM_FOREST,DIFF__nearest_real_distance,0.1450094904678076,3,0.1450094904678076
PROVENANCE_AWARE,RANDOM_FOREST,DIFF__num_changed_characteristics,0.1132417816119455,4,0.1132417816119455
PROVENANCE_AWARE,RANDOM_FOREST,CATDIFF__generation_method__REAL_OBSERVED,0.0442326208745629,5,0.0442326208745629
PROVENANCE_AWARE,RANDOM_FOREST,CATDIFF__record_type__DERIVED,0.0441919168879298,6,0.0441919168879298
PROVENANCE_AWARE,RANDOM_FOREST,CATDIFF__evidence_level__OBSERVED,0.0439078609127817,7,0.0439078609127817
PROVENANCE_AWARE,RANDOM_FOREST,CATDIFF__record_type__OBSERVED,0.0410246940082169,8,0.0410246940082169
PROVENANCE_AWARE,RANDOM_FOREST,CATDIFF__generation_method__TWO_CHARACTERISTIC,0.0292300342988158,9,0.0292300342988158
PROVENANCE_AWARE,RANDOM_FOREST,CATDIFF__generation_method__ONE_CHARACTERISTIC,0.0254498577514312,10,0.0254498577514312
PROVENANCE_AWARE,RANDOM_FOREST,CATDIFF__evidence_level__LOW,0.0241438709630214,11,0.0241438709630214
PROVENANCE_AWARE,RANDOM_FOREST,CATDIFF__generation_method__DEPENDENCY_TWO_CHARACTERISTIC,0.0153146670721526,12,0.0153146670721526
PROVENANCE_AWARE,RANDOM_FOREST,CATDIFF__evidence_level__VERY_STRONG,0.0125391563806659,13,0.0125391563806659
PROVENANCE_AWARE,RANDOM_FOREST,CATDIFF__evidence_level__MODERATE,0.0096115863119282,14,0.0096115863119282
PROVENANCE_AWARE,RANDOM_FOREST,CATDIFF__config_temperaturEingaenge__NOVALUE,0.0067503086517398,15,0.0067503086517398
PROVENANCE_AWARE,RANDOM_FOREST,CATDIFF__config_temperaturEingaenge__TT1,0.0066257801512436,16,0.0066257801512436
PROVENANCE_AWARE,RANDOM_FOREST,CATDIFF__config_stromEingaenge__IS1,0.0043548618165554,17,0.0043548618165554
PROVENANCE_AWARE,RANDOM_FOREST,CATDIFF__config_stromEingaenge__NOVALUE,0.0041140778808563,18,0.0041140778808563
PROVENANCE_AWARE,RANDOM_FOREST,CATDIFF__config_stromSchaltbar__NOVALUE,0.0040330759930683,19,0.0040330759930683
PROVENANCE_AWARE,RANDOM_FOREST,CATDIFF__config_stromSchaltbar__CS1,0.0039995587097169,20,0.0039995587097169
PROVENANCE_AWARE,RANDOM_FOREST,CATDIFF__config_dynamicGasMaster__NOVALUE,0.0017722031721842,21,0.0017722031721842
PROVENANCE_AWARE,RANDOM_FOREST,CATDIFF__config_dynamicGasMaster__1,0.0015151851689861,22,0.0015151851689861
PROVENANCE_AWARE,RANDOM_FOREST,CATDIFF__config_dev_advMeterVerification__1,0.0014190974716436,23,0.0014190974716436
PROVENANCE_AWARE,RANDOM_FOREST,CATDIFF__config_dev_advMeterVerification__NOVALUE,0.0011699050726719,24,0.0011699050726719
PROVENANCE_AWARE,RANDOM_FOREST,CATDIFF__config_customUserFluid__NOVALUE,0.0010162786782257,25,0.0010162786782257
PROVENANCE_AWARE,RANDOM_FOREST,CATDIFF__evidence_level__STRONG,0.0010121613020742,26,0.0010121613020742
PROVENANCE_AWARE,RANDOM_FOREST,CATDIFF__config_binaerOpenColl_MP__NOVALUE,0.0008766393191604,27,0.0008766393191604
PROVENANCE_AWARE,RANDOM_FOREST,CATDIFF__config_customUserFluid__1,0.0008655402899114,28,0.0008655402899114
PROVENANCE_AWARE,RANDOM_FOREST,CATDIFF__config_binaerDigitalOpenColl_MN__NOVALUE,0.0007571907199109,29,0.0007571907199109
PROVENANCE_AWARE,RANDOM_FOREST,CATDIFF__config_binaerDigitalOpenColl_MN__MN1,0.0007158811553186,30,0.0007158811553186
REALISTIC_BASELINE,HIST_GRADIENT_BOOSTING,CATDIFF__config_stromSchaltbar__CS1,0.0452,1,0.0452
REALISTIC_BASELINE,HIST_GRADIENT_BOOSTING,CATDIFF__config_binaerOpenColl_MP__MP1,0.0435333333333333,2,0.0435333333333333
REALISTIC_BASELINE,HIST_GRADIENT_BOOSTING,CATDIFF__config_temperaturEingaenge__NOVALUE,0.0256666666666666,3,0.0256666666666666
REALISTIC_BASELINE,HIST_GRADIENT_BOOSTING,CATDIFF__config_binaerDigitalOpenColl_MN__NOVALUE,0.0228,4,0.0228
REALISTIC_BASELINE,HIST_GRADIENT_BOOSTING,CATDIFF__config_binaerDigitalOpenColl_MN__MN1,0.0159999999999999,5,0.0159999999999999
REALISTIC_BASELINE,HIST_GRADIENT_BOOSTING,CATDIFF__config_stromEingaenge__IS1,0.0157333333333333,6,0.0157333333333333
REALISTIC_BASELINE,HIST_GRADIENT_BOOSTING,CATDIFF__config_customUserFluid__1,0.0075999999999999,7,0.0075999999999999
REALISTIC_BASELINE,HIST_GRADIENT_BOOSTING,CATDIFF__config_binaerOpenColl_MP__NOVALUE,0.0066666666666666,8,0.0066666666666666
REALISTIC_BASELINE,HIST_GRADIENT_BOOSTING,CATDIFF__config_dynamicGasMaster__1,0.0061999999999999,9,0.0061999999999999
REALISTIC_BASELINE,HIST_GRADIENT_BOOSTING,CATDIFF__config_dev_advMeterVerification__NOVALUE,-0.0049999999999999,21,0.0049999999999999
REALISTIC_BASELINE,HIST_GRADIENT_BOOSTING,CATDIFF__config_dev_advMeterVerification__1,0.0025333333333333,10,0.0025333333333333
REALISTIC_BASELINE,HIST_GRADIENT_BOOSTING,CATDIFF__config_stromSchaltbar__CS2,0.0010666666666666,11,0.0010666666666666
REALISTIC_BASELINE,HIST_GRADIENT_BOOSTING,CATDIFF__config_stromEingaenge__NOVALUE,0.001,12,0.001
REALISTIC_BASELINE,HIST_GRADIENT_BOOSTING,CATDIFF__config_temperaturEingaenge__TT1,0.0009333333333333,13,0.0009333333333333
REALISTIC_BASELINE,HIST_GRADIENT_BOOSTING,CATDIFF__config_dynamicGasMaster__NOVALUE,-0.0008666666666666,20,0.0008666666666666
REALISTIC_BASELINE,HIST_GRADIENT_BOOSTING,CATDIFF__config_customUserFluid__NOVALUE,-0.0003333333333333,19,0.0003333333333333
REALISTIC_BASELINE,HIST_GRADIENT_BOOSTING,CATDIFF__config_stromSchaltbar__NOVALUE,0.0002666666666666,14,0.0002666666666666
REALISTIC_BASELINE,HIST_GRADIENT_BOOSTING,CATDIFF__config_binaerOpenColl_MP__MP4,-6.666666666665932e-05,18,6.666666666665932e-05
REALISTIC_BASELINE,HIST_GRADIENT_BOOSTING,CATDIFF__config_binaerOpenColl_MP__MP2,0.0,15,0.0
REALISTIC_BASELINE,HIST_GRADIENT_BOOSTING,CATDIFF__config_binaerDigitalOpenColl_MN__MN2,0.0,16,0.0
REALISTIC_BASELINE,HIST_GRADIENT_BOOSTING,CATDIFF__config_binaerDigitalOpenColl_MN__MN4,0.0,17,0.0
REALISTIC_BASELINE,LOGISTIC_REGRESSION,CATDIFF__config_binaerOpenColl_MP__MP1,1.5180180003431138,1,1.5180180003431138
REALISTIC_BASELINE,LOGISTIC_REGRESSION,CATDIFF__config_binaerDigitalOpenColl_MN__NOVALUE,1.4187318915547804,2,1.4187318915547804
REALISTIC_BASELINE,LOGISTIC_REGRESSION,CATDIFF__config_dynamicGasMaster__1,0.9522472539306372,3,0.9522472539306372
REALISTIC_BASELINE,LOGISTIC_REGRESSION,CATDIFF__config_dynamicGasMaster__NOVALUE,0.9522472539306372,4,0.9522472539306372
REALISTIC_BASELINE,LOGISTIC_REGRESSION,CATDIFF__config_binaerOpenColl_MP__MP4,0.927619165696244,5,0.927619165696244
REALISTIC_BASELINE,LOGISTIC_REGRESSION,CATDIFF__config_binaerDigitalOpenColl_MN__MN1,0.8526570410097241,6,0.8526570410097241
REALISTIC_BASELINE,LOGISTIC_REGRESSION,CATDIFF__config_binaerOpenColl_MP__NOVALUE,0.8465480553250492,7,0.8465480553250492
REALISTIC_BASELINE,LOGISTIC_REGRESSION,CATDIFF__config_customUserFluid__1,0.7884557254957215,8,0.7884557254957215
REALISTIC_BASELINE,LOGISTIC_REGRESSION,CATDIFF__config_customUserFluid__NOVALUE,0.7884557254957205,9,0.7884557254957205
REALISTIC_BASELINE,LOGISTIC_REGRESSION,CATDIFF__config_dev_advMeterVerification__1,0.7729788063494082,10,0.7729788063494082
REALISTIC_BASELINE,LOGISTIC_REGRESSION,CATDIFF__config_dev_advMeterVerification__NOVALUE,0.7729788063494082,11,0.7729788063494082
REALISTIC_BASELINE,LOGISTIC_REGRESSION,CATDIFF__config_stromSchaltbar__CS1,0.7316504711915438,12,0.7316504711915438
REALISTIC_BASELINE,LOGISTIC_REGRESSION,CATDIFF__config_stromSchaltbar__CS2,0.7048768090843527,13,0.7048768090843527
REALISTIC_BASELINE,LOGISTIC_REGRESSION,CATDIFF__config_temperaturEingaenge__TT1,0.5122465037144474,14,0.5122465037144474
REALISTIC_BASELINE,LOGISTIC_REGRESSION,CATDIFF__config_temperaturEingaenge__NOVALUE,0.5122465037144474,15,0.5122465037144474
REALISTIC_BASELINE,LOGISTIC_REGRESSION,CATDIFF__config_binaerDigitalOpenColl_MN__MN2,0.3433324939331748,16,0.3433324939331748
REALISTIC_BASELINE,LOGISTIC_REGRESSION,CATDIFF__config_binaerOpenColl_MP__MP2,0.2561492206781801,17,0.2561492206781801
REALISTIC_BASELINE,LOGISTIC_REGRESSION,CATDIFF__config_binaerDigitalOpenColl_MN__MN4,0.2227423566118908,18,0.2227423566118908
REALISTIC_BASELINE,LOGISTIC_REGRESSION,CATDIFF__config_stromEingaenge__IS1,0.0547772353922476,19,0.0547772353922476
REALISTIC_BASELINE,LOGISTIC_REGRESSION,CATDIFF__config_stromEingaenge__NOVALUE,0.0547772353922476,20,0.0547772353922476
REALISTIC_BASELINE,LOGISTIC_REGRESSION,CATDIFF__config_stromSchaltbar__NOVALUE,0.0267736621071914,21,0.0267736621071914
REALISTIC_BASELINE,RANDOM_FOREST,CATDIFF__config_binaerDigitalOpenColl_MN__NOVALUE,0.0773123405493451,1,0.0773123405493451
REALISTIC_BASELINE,RANDOM_FOREST,CATDIFF__config_binaerOpenColl_MP__MP1,0.0770953613520137,2,0.0770953613520137
REALISTIC_BASELINE,RANDOM_FOREST,CATDIFF__config_temperaturEingaenge__NOVALUE,0.0727546013233546,3,0.0727546013233546
REALISTIC_BASELINE,RANDOM_FOREST,CATDIFF__config_binaerDigitalOpenColl_MN__MN1,0.0719351851652767,4,0.0719351851652767
REALISTIC_BASELINE,RANDOM_FOREST,CATDIFF__config_binaerOpenColl_MP__NOVALUE,0.0690783728079868,5,0.0690783728079868
REALISTIC_BASELINE,RANDOM_FOREST,CATDIFF__config_temperaturEingaenge__TT1,0.0686800895784858,6,0.0686800895784858
REALISTIC_BASELINE,RANDOM_FOREST,CATDIFF__config_dev_advMeterVerification__NOVALUE,0.0679524500332592,7,0.0679524500332592
REALISTIC_BASELINE,RANDOM_FOREST,CATDIFF__config_dev_advMeterVerification__1,0.0638393575711973,8,0.0638393575711973
REALISTIC_BASELINE,RANDOM_FOREST,CATDIFF__config_stromSchaltbar__CS1,0.0638001207777785,9,0.0638001207777785
REALISTIC_BASELINE,RANDOM_FOREST,CATDIFF__config_customUserFluid__NOVALUE,0.0616491536815178,10,0.0616491536815178
REALISTIC_BASELINE,RANDOM_FOREST,CATDIFF__config_customUserFluid__1,0.0591248445718299,11,0.0591248445718299
REALISTIC_BASELINE,RANDOM_FOREST,CATDIFF__config_dynamicGasMaster__NOVALUE,0.0564589704985224,12,0.0564589704985224
REALISTIC_BASELINE,RANDOM_FOREST,CATDIFF__config_dynamicGasMaster__1,0.054200146157375,13,0.054200146157375
REALISTIC_BASELINE,RANDOM_FOREST,CATDIFF__config_stromSchaltbar__NOVALUE,0.0535700948286499,14,0.0535700948286499
REALISTIC_BASELINE,RANDOM_FOREST,CATDIFF__config_stromEingaenge__NOVALUE,0.0381285334294958,15,0.0381285334294958
REALISTIC_BASELINE,RANDOM_FOREST,CATDIFF__config_stromEingaenge__IS1,0.0364785464508239,16,0.0364785464508239
REALISTIC_BASELINE,RANDOM_FOREST,CATDIFF__config_binaerOpenColl_MP__MP4,0.0036371666494448,17,0.0036371666494448
REALISTIC_BASELINE,RANDOM_FOREST,CATDIFF__config_stromSchaltbar__CS2,0.0033617399936343,18,0.0033617399936343
REALISTIC_BASELINE,RANDOM_FOREST,CATDIFF__config_binaerDigitalOpenColl_MN__MN2,0.0003858393434589,19,0.0003858393434589
REALISTIC_BASELINE,RANDOM_FOREST,CATDIFF__config_binaerOpenColl_MP__MP2,0.0003276777714781,20,0.0003276777714781
REALISTIC_BASELINE,RANDOM_FOREST,CATDIFF__config_binaerDigitalOpenColl_MN__MN4,0.0002294074650706,21,0.0002294074650706
